event_date,location,latitude,longitude,cause,notes,dataset,scene_name,file_name,start_time,stop_time,url,browse_url,bytes,path_number,frame_number,flight_direction,orbit
2024-12-16,"Park Place, Schuylkill County",40.8354,-76.1558,Mine Subsidence,75x45 ft hole swallowed an in-ground pool; 10 yards from a 2016 event.,OPERA_S1_DISP,OPERA_L3_DISP-S1_IW_F28222_VV_20231130T225944Z_20240715T225940Z_v1.0_20250811T165315Z,OPERA_L3_DISP-S1_IW_F28222_VV_20231130T225944Z_20240715T225940Z_v1.0_20250811T165315Z.nc,2023-11-30 22:59:44+00:00,2024-07-15 22:59:40+00:00,https://cumulus.asf.earthdatacloud.nasa.gov/OPERA/OPERA_L3_DISP-S1_V1/OPERA_L3_DISP-S1_IW_F28222_VV_20231130T225944Z_20240715T225940Z_v1.0_20250811T165315Z/OPERA_L3_DISP-S1_IW_F28222_VV_20231130T225944Z_20240715T225940Z_v1.0_20250811T165315Z.nc,https://cumulus.asf.earthdatacloud.nasa.gov/BROWSE/OPERA/OPERA_L3_DISP-S1_V1/OPERA_L3_DISP-S1_IW_F28222_VV_20231130T225944Z_20240715T225940Z_v1.0_20250811T165315Z/OPERA_L3_DISP-S1_IW_F28222_VV_20231130T225944Z_20240715T225940Z_v1.0_20250811T165315Z_BROWSE.png,444596224,106,28222.0,ASCENDING,
2024-12-16,"Park Place, Schuylkill County",40.8354,-76.1558,Mine Subsidence,75x45 ft hole swallowed an in-ground pool; 10 yards from a 2016 event.,OPERA_S1_DISP,OPERA_L3_DISP-S1_IW_F28222_VV_20231130T225944Z_20240703T225940Z_v1.0_20250811T165315Z,OPERA_L3_DISP-S1_IW_F28222_VV_20231130T225944Z_20240703T225940Z_v1.0_20250811T165315Z.nc,2023-11-30 22:59:44+00:00,2024-07-03 22:59:40+00:00,https://cumulus.asf.earthdatacloud.nasa.gov/OPERA/OPERA_L3_DISP-S1_V1/OPERA_L3_DISP-S1_IW_F28222_VV_20231130T225944Z_20240703T225940Z_v1.0_20250811T165315Z/OPERA_L3_DISP-S1_IW_F28222_VV_20231130T225944Z_20240703T225940Z_v1.0_20250811T165315Z.nc,https://cumulus.asf.earthdatacloud.nasa.gov/BROWSE/OPERA/OPERA_L3_DISP-S1_V1/OPERA_L3_DISP-S1_IW_F28222_VV_20231130T225944Z_20240703T225940Z_v1.0_20250811T165315Z/OPERA_L3_DISP-S1_IW_F28222_VV_20231130T225944Z_20240703T225940Z_v1.0_20250811T165315Z_BROWSE.png,444596224,106,28222.0,ASCENDING,
2024-12-16,"Park Place, Schuylkill County",40.8354,-76.1558,Mine Subsidence,75x45 ft hole swallowed an in-ground pool; 10 yards from a 2016 event.,OPERA_S1_DISP,OPERA_L3_DISP-S1_IW_F28222_VV_20231130T225944Z_20240621T225941Z_v1.0_20250811T165315Z,OPERA_L3_DISP-S1_IW_F28222_VV_20231130T225944Z_20240621T225941Z_v1.0_20250811T165315Z.nc,2023-11-30 22:59:44+00:00,2024-06-21 22:59:41+00:00,https://cumulus.asf.earthdatacloud.nasa.gov/OPERA/OPERA_L3_DISP-S1_V1/OPERA_L3_DISP-S1_IW_F28222_VV_20231130T225944Z_20240621T225941Z_v1.0_20250811T165315Z/OPERA_L3_DISP-S1_IW_F28222_VV_20231130T225944Z_20240621T225941Z_v1.0_20250811T165315Z.nc,https://cumulus.asf.earthdatacloud.nasa.gov/BROWSE/OPERA/OPERA_L3_DISP-S1_V1/OPERA_L3_DISP-S1_IW_F28222_VV_20231130T225944Z_20240621T225941Z_v1.0_20250811T165315Z/OPERA_L3_DISP-S1_IW_F28222_VV_20231130T225944Z_20240621T225941Z_v1.0_20250811T165315Z_BROWSE.png,440401920,106,28222.0,ASCENDING,
2024-12-16,"Park Place, Schuylkill County",40.8354,-76.1558,Mine Subsidence,75x45 ft hole swallowed an in-ground pool; 10 yards from a 2016 event.,OPERA_S1_DISP,OPERA_L3_DISP-S1_IW_F28222_VV_20231130T225944Z_20240609T225941Z_v1.0_20250811T165315Z,OPERA_L3_DISP-S1_IW_F28222_VV_20231130T225944Z_20240609T225941Z_v1.0_20250811T165315Z.nc,2023-11-30 22:59:44+00:00,2024-06-09 22:59:41+00:00,https://cumulus.asf.earthdatacloud.nasa.gov/OPERA/OPERA_L3_DISP-S1_V1/OPERA_L3_DISP-S1_IW_F28222_VV_20231130T225944Z_20240609T225941Z_v1.0_20250811T165315Z/OPERA_L3_DISP-S1_IW_F28222_VV_20231130T225944Z_20240609T225941Z_v1.0_20250811T165315Z.nc,https://cumulus.asf.earthdatacloud.nasa.gov/BROWSE/OPERA/OPERA_L3_DISP-S1_V1/OPERA_L3_DISP-S1_IW_F28222_VV_20231130T225944Z_20240609T225941Z_v1.0_20250811T165315Z/OPERA_L3_DISP-S1_IW_F28222_VV_20231130T225944Z_20240609T225941Z_v1.0_20250811T165315Z_BROWSE.png,440401920,106,28222.0,ASCENDING,
2024-12-16,"Park Place, Schuylkill County",40.8354,-76.1558,Mine Subsidence,75x45 ft hole swallowed an in-ground pool; 10 yards from a 2016 event.,OPERA_S1_DISP,OPERA_L3_DISP-S1_IW_F28222_VV_20231130T225944Z_20240528T225942Z_v1.0_20250811T165315Z,OPERA_L3_DISP-S1_IW_F28222_VV_20231130T225944Z_20240528T225942Z_v1.0_20250811T165315Z.nc,2023-11-30 22:59:44+00:00,2024-05-28 22:59:42+00:00,https://cumulus.asf.earthdatacloud.nasa.gov/OPERA/OPERA_L3_DISP-S1_V1/OPERA_L3_DISP-S1_IW_F28222_VV_20231130T225944Z_20240528T225942Z_v1.0_20250811T165315Z/OPERA_L3_DISP-S1_IW_F28222_VV_20231130T225944Z_20240528T225942Z_v1.0_20250811T165315Z.nc,https://cumulus.asf.earthdatacloud.nasa.gov/BROWSE/OPERA/OPERA_L3_DISP-S1_V1/OPERA_L3_DISP-S1_IW_F28222_VV_20231130T225944Z_20240528T225942Z_v1.0_20250811T165315Z/OPERA_L3_DISP-S1_IW_F28222_VV_20231130T225944Z_20240528T225942Z_v1.0_20250811T165315Z_BROWSE.png,440401920,106,28222.0,ASCENDING,
2024-12-16,"Park Place, Schuylkill County",40.8354,-76.1558,Mine Subsidence,75x45 ft hole swallowed an in-ground pool; 10 yards from a 2016 event.,OPERA_S1_DISP,OPERA_L3_DISP-S1_IW_F28222_VV_20231130T225944Z_20240516T225942Z_v1.0_20250811T165315Z,OPERA_L3_DISP-S1_IW_F28222_VV_20231130T225944Z_20240516T225942Z_v1.0_20250811T165315Z.nc,2023-11-30 22:59:44+00:00,2024-05-16 22:59:42+00:00,https://cumulus.asf.earthdatacloud.nasa.gov/OPERA/OPERA_L3_DISP-S1_V1/OPERA_L3_DISP-S1_IW_F28222_VV_20231130T225944Z_20240516T225942Z_v1.0_20250811T165315Z/OPERA_L3_DISP-S1_IW_F28222_VV_20231130T225944Z_20240516T225942Z_v1.0_20250811T165315Z.nc,https://cumulus.asf.earthdatacloud.nasa.gov/BROWSE/OPERA/OPERA_L3_DISP-S1_V1/OPERA_L3_DISP-S1_IW_F28222_VV_20231130T225944Z_20240516T225942Z_v1.0_20250811T165315Z/OPERA_L3_DISP-S1_IW_F28222_VV_20231130T225944Z_20240516T225942Z_v1.0_20250811T165315Z_BROWSE.png,427819008,106,28222.0,ASCENDING,
2024-12-16,"Park Place, Schuylkill County",40.8354,-76.1558,Mine Subsidence,75x45 ft hole swallowed an in-ground pool; 10 yards from a 2016 event.,OPERA_S1_DISP,OPERA_L3_DISP-S1_IW_F28222_VV_20231130T225944Z_20240504T225942Z_v1.0_20250811T165315Z,OPERA_L3_DISP-S1_IW_F28222_VV_20231130T225944Z_20240504T225942Z_v1.0_20250811T165315Z.nc,2023-11-30 22:59:44+00:00,2024-05-04 22:59:42+00:00,https://cumulus.asf.earthdatacloud.nasa.gov/OPERA/OPERA_L3_DISP-S1_V1/OPERA_L3_DISP-S1_IW_F28222_VV_20231130T225944Z_20240504T225942Z_v1.0_20250811T165315Z/OPERA_L3_DISP-S1_IW_F28222_VV_20231130T225944Z_20240504T225942Z_v1.0_20250811T165315Z.nc,https://cumulus.asf.earthdatacloud.nasa.gov/BROWSE/OPERA/OPERA_L3_DISP-S1_V1/OPERA_L3_DISP-S1_IW_F28222_VV_20231130T225944Z_20240504T225942Z_v1.0_20250811T165315Z/OPERA_L3_DISP-S1_IW_F28222_VV_20231130T225944Z_20240504T225942Z_v1.0_20250811T165315Z_BROWSE.png,440401920,106,28222.0,ASCENDING,
2024-12-16,"Park Place, Schuylkill County",40.8354,-76.1558,Mine Subsidence,75x45 ft hole swallowed an in-ground pool; 10 yards from a 2016 event.,OPERA_S1_DISP,OPERA_L3_DISP-S1_IW_F28222_VV_20231130T225944Z_20240422T225942Z_v1.0_20250811T165315Z,OPERA_L3_DISP-S1_IW_F28222_VV_20231130T225944Z_20240422T225942Z_v1.0_20250811T165315Z.nc,2023-11-30 22:59:44+00:00,2024-04-22 22:59:42+00:00,https://cumulus.asf.earthdatacloud.nasa.gov/OPERA/OPERA_L3_DISP-S1_V1/OPERA_L3_DISP-S1_IW_F28222_VV_20231130T225944Z_20240422T225942Z_v1.0_20250811T165315Z/OPERA_L3_DISP-S1_IW_F28222_VV_20231130T225944Z_20240422T225942Z_v1.0_20250811T165315Z.nc,https://cumulus.asf.earthdatacloud.nasa.gov/BROWSE/OPERA/OPERA_L3_DISP-S1_V1/OPERA_L3_DISP-S1_IW_F28222_VV_20231130T225944Z_20240422T225942Z_v1.0_20250811T165315Z/OPERA_L3_DISP-S1_IW_F28222_VV_20231130T225944Z_20240422T225942Z_v1.0_20250811T165315Z_BROWSE.png,436207616,106,28222.0,ASCENDING,
2024-12-16,"Park Place, Schuylkill County",40.8354,-76.1558,Mine Subsidence,75x45 ft hole swallowed an in-ground pool; 10 yards from a 2016 event.,OPERA_S1_DISP,OPERA_L3_DISP-S1_IW_F28222_VV_20231130T225944Z_20240727T225939Z_v1.0_20250811T165315Z,OPERA_L3_DISP-S1_IW_F28222_VV_20231130T225944Z_20240727T225939Z_v1.0_20250811T165315Z.nc,2023-11-30 22:59:44+00:00,2024-07-27 22:59:39+00:00,https://cumulus.asf.earthdatacloud.nasa.gov/OPERA/OPERA_L3_DISP-S1_V1/OPERA_L3_DISP-S1_IW_F28222_VV_20231130T225944Z_20240727T225939Z_v1.0_20250811T165315Z/OPERA_L3_DISP-S1_IW_F28222_VV_20231130T225944Z_20240727T225939Z_v1.0_20250811T165315Z.nc,https://cumulus.asf.earthdatacloud.nasa.gov/BROWSE/OPERA/OPERA_L3_DISP-S1_V1/OPERA_L3_DISP-S1_IW_F28222_VV_20231130T225944Z_20240727T225939Z_v1.0_20250811T165315Z/OPERA_L3_DISP-S1_IW_F28222_VV_20231130T225944Z_20240727T225939Z_v1.0_20250811T165315Z_BROWSE.png,440401920,106,28222.0,ASCENDING,
2024-12-16,"Park Place, Schuylkill County",40.8354,-76.1558,Mine Subsidence,75x45 ft hole swallowed an in-ground pool; 10 yards from a 2016 event.,OPERA_S1_DISP,OPERA_L3_DISP-S1_IW_F28222_VV_20231130T225944Z_20240222T225941Z_v1.0_20250811T165315Z,OPERA_L3_DISP-S1_IW_F28222_VV_20231130T225944Z_20240222T225941Z_v1.0_20250811T165315Z.nc,2023-11-30 22:59:44+00:00,2024-02-22 22:59:41+00:00,https://cumulus.asf.earthdatacloud.nasa.gov/OPERA/OPERA_L3_DISP-S1_V1/OPERA_L3_DISP-S1_IW_F28222_VV_20231130T225944Z_20240222T225941Z_v1.0_20250811T165315Z/OPERA_L3_DISP-S1_IW_F28222_VV_20231130T225944Z_20240222T225941Z_v1.0_20250811T165315Z.nc,https://cumulus.asf.earthdatacloud.nasa.gov/BROWSE/OPERA/OPERA_L3_DISP-S1_V1/OPERA_L3_DISP-S1_IW_F28222_VV_20231130T225944Z_20240222T225941Z_v1.0_20250811T165315Z/OPERA_L3_DISP-S1_IW_F28222_VV_20231130T225944Z_20240222T225941Z_v1.0_20250811T165315Z_BROWSE.png,448790528,106,28222.0,ASCENDING,
2024-12-16,"Park Place, Schuylkill County",40.8354,-76.1558,Mine Subsidence,75x45 ft hole swallowed an in-ground pool; 10 yards from a 2016 event.,OPERA_S1_DISP,OPERA_L3_DISP-S1_IW_F28222_VV_20231130T225944Z_20240410T225941Z_v1.0_20250811T165315Z,OPERA_L3_DISP-S1_IW_F28222_VV_20231130T225944Z_20240410T225941Z_v1.0_20250811T165315Z.nc,2023-11-30 22:59:44+00:00,2024-04-10 22:59:41+00:00,https://cumulus.asf.earthdatacloud.nasa.gov/OPERA/OPERA_L3_DISP-S1_V1/OPERA_L3_DISP-S1_IW_F28222_VV_20231130T225944Z_20240410T225941Z_v1.0_20250811T165315Z/OPERA_L3_DISP-S1_IW_F28222_VV_20231130T225944Z_20240410T225941Z_v1.0_20250811T165315Z.nc,https://cumulus.asf.earthdatacloud.nasa.gov/BROWSE/OPERA/OPERA_L3_DISP-S1_V1/OPERA_L3_DISP-S1_IW_F28222_VV_20231130T225944Z_20240410T225941Z_v1.0_20250811T165315Z/OPERA_L3_DISP-S1_IW_F28222_VV_20231130T225944Z_20240410T225941Z_v1.0_20250811T165315Z_BROWSE.png,448790528,106,28222.0,ASCENDING,
2024-12-16,"Park Place, Schuylkill County",40.8354,-76.1558,Mine Subsidence,75x45 ft hole swallowed an in-ground pool; 10 yards from a 2016 event.,OPERA_S1_DISP,OPERA_L3_DISP-S1_IW_F28222_VV_20231130T225944Z_20240329T225941Z_v1.0_20250811T165315Z,OPERA_L3_DISP-S1_IW_F28222_VV_20231130T225944Z_20240329T225941Z_v1.0_20250811T165315Z.nc,2023-11-30 22:59:44+00:00,2024-03-29 22:59:41+00:00,https://cumulus.asf.earthdatacloud.nasa.gov/OPERA/OPERA_L3_DISP-S1_V1/OPERA_L3_DISP-S1_IW_F28222_VV_20231130T225944Z_20240329T225941Z_v1.0_20250811T165315Z/OPERA_L3_DISP-S1_IW_F28222_VV_20231130T225944Z_20240329T225941Z_v1.0_20250811T165315Z.nc,https://cumulus.asf.earthdatacloud.nasa.gov/BROWSE/OPERA/OPERA_L3_DISP-S1_V1/OPERA_L3_DISP-S1_IW_F28222_VV_20231130T225944Z_20240329T225941Z_v1.0_20250811T165315Z/OPERA_L3_DISP-S1_IW_F28222_VV_20231130T225944Z_20240329T225941Z_v1.0_20250811T165315Z_BROWSE.png,436207616,106,28222.0,ASCENDING,
2024-12-16,"Park Place, Schuylkill County",40.8354,-76.1558,Mine Subsidence,75x45 ft hole swallowed an in-ground pool; 10 yards from a 2016 event.,OPERA_S1_DISP,OPERA_L3_DISP-S1_IW_F28222_VV_20231130T225944Z_20240305T225941Z_v1.0_20250811T165315Z,OPERA_L3_DISP-S1_IW_F28222_VV_20231130T225944Z_20240305T225941Z_v1.0_20250811T165315Z.nc,2023-11-30 22:59:44+00:00,2024-03-05 22:59:41+00:00,https://cumulus.asf.earthdatacloud.nasa.gov/OPERA/OPERA_L3_DISP-S1_V1/OPERA_L3_DISP-S1_IW_F28222_VV_20231130T225944Z_20240305T225941Z_v1.0_20250811T165315Z/OPERA_L3_DISP-S1_IW_F28222_VV_20231130T225944Z_20240305T225941Z_v1.0_20250811T165315Z.nc,https://cumulus.asf.earthdatacloud.nasa.gov/BROWSE/OPERA/OPERA_L3_DISP-S1_V1/OPERA_L3_DISP-S1_IW_F28222_VV_20231130T225944Z_20240305T225941Z_v1.0_20250811T165315Z/OPERA_L3_DISP-S1_IW_F28222_VV_20231130T225944Z_20240305T225941Z_v1.0_20250811T165315Z_BROWSE.png,419430400,106,28222.0,ASCENDING,
2024-12-16,"Park Place, Schuylkill County",40.8354,-76.1558,Mine Subsidence,75x45 ft hole swallowed an in-ground pool; 10 yards from a 2016 event.,OPERA_S1_DISP,OPERA_L3_DISP-S1_IW_F28222_VV_20231130T225944Z_20240317T225941Z_v1.0_20250811T165315Z,OPERA_L3_DISP-S1_IW_F28222_VV_20231130T225944Z_20240317T225941Z_v1.0_20250811T165315Z.nc,2023-11-30 22:59:44+00:00,2024-03-17 22:59:41+00:00,https://cumulus.asf.earthdatacloud.nasa.gov/OPERA/OPERA_L3_DISP-S1_V1/OPERA_L3_DISP-S1_IW_F28222_VV_20231130T225944Z_20240317T225941Z_v1.0_20250811T165315Z/OPERA_L3_DISP-S1_IW_F28222_VV_20231130T225944Z_20240317T225941Z_v1.0_20250811T165315Z.nc,https://cumulus.asf.earthdatacloud.nasa.gov/BROWSE/OPERA/OPERA_L3_DISP-S1_V1/OPERA_L3_DISP-S1_IW_F28222_VV_20231130T225944Z_20240317T225941Z_v1.0_20250811T165315Z/OPERA_L3_DISP-S1_IW_F28222_VV_20231130T225944Z_20240317T225941Z_v1.0_20250811T165315Z_BROWSE.png,440401920,106,28222.0,ASCENDING,
2024-12-16,"Park Place, Schuylkill County",40.8354,-76.1558,Mine Subsidence,75x45 ft hole swallowed an in-ground pool; 10 yards from a 2016 event.,OPERA_S1_DISP,OPERA_L2_CSLC-S1_T106-225772-IW2_20231224T225952Z_20240505T223559Z_S1A_VV_v1.1,OPERA_L2_CSLC-S1_T106-225772-IW2_20231224T225952Z_20240505T223559Z_S1A_VV_v1.1.h5,2023-12-24 22:59:52+00:00,2023-12-24 22:59:55+00:00,https://datapool.asf.alaska.edu/CSLC/OPERA-S1/OPERA_L2_CSLC-S1_T106-225772-IW2_20231224T225952Z_20240505T223559Z_S1A_VV_v1.1.h5,https://datapool.asf.alaska.edu/BROWSE/OPERA-S1/OPERA_L2_CSLC-S1_T106-225772-IW2_20231224T225952Z_20240505T223559Z_S1A_VV_v1.1_BROWSE.png,271822942,106,,ASCENDING,51803.0
2024-12-16,"Park Place, Schuylkill County",40.8354,-76.1558,Mine Subsidence,75x45 ft hole swallowed an in-ground pool; 10 yards from a 2016 event.,OPERA_S1_DISP,OPERA_L2_RTC-S1_T106-225772-IW2_20231224T225952Z_20231225T060301Z_S1A_30_v1.0,OPERA_L2_RTC-S1_T106-225772-IW2_20231224T225952Z_20231225T060301Z_S1A_30_v1.0_VH.tif,2023-12-24 22:59:52+00:00,2023-12-24 22:59:55+00:00,https://datapool.asf.alaska.edu/RTC/OPERA-S1/OPERA_L2_RTC-S1_T106-225772-IW2_20231224T225952Z_20231225T060301Z_S1A_30_v1.0_VH.tif,https://datapool.asf.alaska.edu/BROWSE/OPERA-S1/OPERA_L2_RTC-S1_T106-225772-IW2_20231224T225952Z_20231225T060301Z_S1A_30_v1.0_BROWSE.png,110605,106,,ASCENDING,51803.0
2024-12-16,"Park Place, Schuylkill County",40.8354,-76.1558,Mine Subsidence,75x45 ft hole swallowed an in-ground pool; 10 yards from a 2016 event.,OPERA_S1_DISP,OPERA_L2_RTC-S1_T106-225772-IW2_20231224T225952Z_20231225T080821Z_S1A_30_v1.0,OPERA_L2_RTC-S1_T106-225772-IW2_20231224T225952Z_20231225T080821Z_S1A_30_v1.0_VH.tif,2023-12-24 22:59:52+00:00,2023-12-24 22:59:55+00:00,https://datapool.asf.alaska.edu/RTC/OPERA-S1/OPERA_L2_RTC-S1_T106-225772-IW2_20231224T225952Z_20231225T080821Z_S1A_30_v1.0_VH.tif,https://datapool.asf.alaska.edu/BROWSE/OPERA-S1/OPERA_L2_RTC-S1_T106-225772-IW2_20231224T225952Z_20231225T080821Z_S1A_30_v1.0_BROWSE.png,110605,106,,ASCENDING,51803.0
2024-12-16,"Park Place, Schuylkill County",40.8354,-76.1558,Mine Subsidence,75x45 ft hole swallowed an in-ground pool; 10 yards from a 2016 event.,OPERA_S1_DISP,OPERA_L2_CSLC-S1_T106-225772-IW2_20240105T225951Z_20240504T010651Z_S1A_VV_v1.1,OPERA_L2_CSLC-S1_T106-225772-IW2_20240105T225951Z_20240504T010651Z_S1A_VV_v1.1.h5,2024-01-05 22:59:51+00:00,2024-01-05 22:59:54+00:00,https://datapool.asf.alaska.edu/CSLC/OPERA-S1/OPERA_L2_CSLC-S1_T106-225772-IW2_20240105T225951Z_20240504T010651Z_S1A_VV_v1.1.h5,https://datapool.asf.alaska.edu/BROWSE/OPERA-S1/OPERA_L2_CSLC-S1_T106-225772-IW2_20240105T225951Z_20240504T010651Z_S1A_VV_v1.1_BROWSE.png,271645243,106,,ASCENDING,51978.0
2024-12-16,"Park Place, Schuylkill County",40.8354,-76.1558,Mine Subsidence,75x45 ft hole swallowed an in-ground pool; 10 yards from a 2016 event.,OPERA_S1_DISP,OPERA_L2_RTC-S1_T106-225772-IW2_20240105T225951Z_20240107T171145Z_S1A_30_v1.0,OPERA_L2_RTC-S1_T106-225772-IW2_20240105T225951Z_20240107T171145Z_S1A_30_v1.0_VH.tif,2024-01-05 22:59:51+00:00,2024-01-05 22:59:54+00:00,https://datapool.asf.alaska.edu/RTC/OPERA-S1/OPERA_L2_RTC-S1_T106-225772-IW2_20240105T225951Z_20240107T171145Z_S1A_30_v1.0_VH.tif,https://datapool.asf.alaska.edu/BROWSE/OPERA-S1/OPERA_L2_RTC-S1_T106-225772-IW2_20240105T225951Z_20240107T171145Z_S1A_30_v1.0_BROWSE.png,104685,106,,ASCENDING,51978.0
2024-12-16,"Park Place, Schuylkill County",40.8354,-76.1558,Mine Subsidence,75x45 ft hole swallowed an in-ground pool; 10 yards from a 2016 event.,OPERA_S1_DISP,OPERA_L2_CSLC-S1_T106-225772-IW2_20240117T225950Z_20240504T044145Z_S1A_VV_v1.1,OPERA_L2_CSLC-S1_T106-225772-IW2_20240117T225950Z_20240504T044145Z_S1A_VV_v1.1.h5,2024-01-17 22:59:50+00:00,2024-01-17 22:59:54+00:00,https://datapool.asf.alaska.edu/CSLC/OPERA-S1/OPERA_L2_CSLC-S1_T106-225772-IW2_20240117T225950Z_20240504T044145Z_S1A_VV_v1.1.h5,https://datapool.asf.alaska.edu/BROWSE/OPERA-S1/OPERA_L2_CSLC-S1_T106-225772-IW2_20240117T225950Z_20240504T044145Z_S1A_VV_v1.1_BROWSE.png,271365185,106,,ASCENDING,52153.0
2024-12-16,"Park Place, Schuylkill County",40.8354,-76.1558,Mine Subsidence,75x45 ft hole swallowed an in-ground pool; 10 yards from a 2016 event.,OPERA_S1_DISP,OPERA_L2_RTC-S1_T106-225772-IW2_20240117T225950Z_20240118T095956Z_S1A_30_v1.0,OPERA_L2_RTC-S1_T106-225772-IW2_20240117T225950Z_20240118T095956Z_S1A_30_v1.0_VH.tif,2024-01-17 22:59:50+00:00,2024-01-17 22:59:54+00:00,https://datapool.asf.alaska.edu/RTC/OPERA-S1/OPERA_L2_RTC-S1_T106-225772-IW2_20240117T225950Z_20240118T095956Z_S1A_30_v1.0_VH.tif,https://datapool.asf.alaska.edu/BROWSE/OPERA-S1/OPERA_L2_RTC-S1_T106-225772-IW2_20240117T225950Z_20240118T095956Z_S1A_30_v1.0_BROWSE.png,110605,106,,ASCENDING,52153.0
2024-12-16,"Park Place, Schuylkill County",40.8354,-76.1558,Mine Subsidence,75x45 ft hole swallowed an in-ground pool; 10 yards from a 2016 event.,OPERA_S1_DISP,OPERA_L2_CSLC-S1_T106-225772-IW2_20240129T225950Z_20240504T075936Z_S1A_VV_v1.1,OPERA_L2_CSLC-S1_T106-225772-IW2_20240129T225950Z_20240504T075936Z_S1A_VV_v1.1.h5,2024-01-29 22:59:50+00:00,2024-01-29 22:59:53+00:00,https://datapool.asf.alaska.edu/CSLC/OPERA-S1/OPERA_L2_CSLC-S1_T106-225772-IW2_20240129T225950Z_20240504T075936Z_S1A_VV_v1.1.h5,https://datapool.asf.alaska.edu/BROWSE/OPERA-S1/OPERA_L2_CSLC-S1_T106-225772-IW2_20240129T225950Z_20240504T075936Z_S1A_VV_v1.1_BROWSE.png,271824774,106,,ASCENDING,52328.0
2024-12-16,"Park Place, Schuylkill County",40.8354,-76.1558,Mine Subsidence,75x45 ft hole swallowed an in-ground pool; 10 yards from a 2016 event.,OPERA_S1_DISP,OPERA_L2_RTC-S1_T106-225772-IW2_20240129T225950Z_20240130T101824Z_S1A_30_v1.0,OPERA_L2_RTC-S1_T106-225772-IW2_20240129T225950Z_20240130T101824Z_S1A_30_v1.0_VH.tif,2024-01-29 22:59:50+00:00,2024-01-29 22:59:53+00:00,https://datapool.asf.alaska.edu/RTC/OPERA-S1/OPERA_L2_RTC-S1_T106-225772-IW2_20240129T225950Z_20240130T101824Z_S1A_30_v1.0_VH.tif,https://datapool.asf.alaska.edu/BROWSE/OPERA-S1/OPERA_L2_RTC-S1_T106-225772-IW2_20240129T225950Z_20240130T101824Z_S1A_30_v1.0_BROWSE.png,104685,106,,ASCENDING,52328.0
2024-12-16,"Park Place, Schuylkill County",40.8354,-76.1558,Mine Subsidence,75x45 ft hole swallowed an in-ground pool; 10 yards from a 2016 event.,OPERA_S1_DISP,OPERA_L2_RTC-S1_T106-225772-IW2_20240210T225950Z_20240211T103105Z_S1A_30_v1.0,OPERA_L2_RTC-S1_T106-225772-IW2_20240210T225950Z_20240211T103105Z_S1A_30_v1.0_VH.tif,2024-02-10 22:59:50+00:00,2024-02-10 22:59:53+00:00,https://datapool.asf.alaska.edu/RTC/OPERA-S1/OPERA_L2_RTC-S1_T106-225772-IW2_20240210T225950Z_20240211T103105Z_S1A_30_v1.0_VH.tif,https://datapool.asf.alaska.edu/BROWSE/OPERA-S1/OPERA_L2_RTC-S1_T106-225772-IW2_20240210T225950Z_20240211T103105Z_S1A_30_v1.0_BROWSE.png,104685,106,,ASCENDING,52503.0
2024-12-16,"Park Place, Schuylkill County",40.8354,-76.1558,Mine Subsidence,75x45 ft hole swallowed an in-ground pool; 10 yards from a 2016 event.,OPERA_S1_DISP,OPERA_L2_CSLC-S1_T106-225772-IW2_20240210T225950Z_20240504T111935Z_S1A_VV_v1.1,OPERA_L2_CSLC-S1_T106-225772-IW2_20240210T225950Z_20240504T111935Z_S1A_VV_v1.1.h5,2024-02-10 22:59:50+00:00,2024-02-10 22:59:53+00:00,https://datapool.asf.alaska.edu/CSLC/OPERA-S1/OPERA_L2_CSLC-S1_T106-225772-IW2_20240210T225950Z_20240504T111935Z_S1A_VV_v1.1.h5,https://datapool.asf.alaska.edu/BROWSE/OPERA-S1/OPERA_L2_CSLC-S1_T106-225772-IW2_20240210T225950Z_20240504T111935Z_S1A_VV_v1.1_BROWSE.png,272095608,106,,ASCENDING,52503.0
2024-12-16,"Park Place, Schuylkill County",40.8354,-76.1558,Mine Subsidence,75x45 ft hole swallowed an in-ground pool; 10 yards from a 2016 event.,OPERA_S1_DISP,OPERA_L2_RTC-S1_T106-225772-IW2_20240222T225950Z_20240223T090346Z_S1A_30_v1.0,OPERA_L2_RTC-S1_T106-225772-IW2_20240222T225950Z_20240223T090346Z_S1A_30_v1.0_VH.tif,2024-02-22 22:59:50+00:00,2024-02-22 22:59:53+00:00,https://datapool.asf.alaska.edu/RTC/OPERA-S1/OPERA_L2_RTC-S1_T106-225772-IW2_20240222T225950Z_20240223T090346Z_S1A_30_v1.0_VH.tif,https://datapool.asf.alaska.edu/BROWSE/OPERA-S1/OPERA_L2_RTC-S1_T106-225772-IW2_20240222T225950Z_20240223T090346Z_S1A_30_v1.0_BROWSE.png,104685,106,,ASCENDING,52678.0
2024-12-16,"Park Place, Schuylkill County",40.8354,-76.1558,Mine Subsidence,75x45 ft hole swallowed an in-ground pool; 10 yards from a 2016 event.,OPERA_S1_DISP,OPERA_L2_CSLC-S1_T106-225772-IW2_20240222T225950Z_20240504T144239Z_S1A_VV_v1.1,OPERA_L2_CSLC-S1_T106-225772-IW2_20240222T225950Z_20240504T144239Z_S1A_VV_v1.1.h5,2024-02-22 22:59:50+00:00,2024-02-22 22:59:53+00:00,https://datapool.asf.alaska.edu/CSLC/OPERA-S1/OPERA_L2_CSLC-S1_T106-225772-IW2_20240222T225950Z_20240504T144239Z_S1A_VV_v1.1.h5,https://datapool.asf.alaska.edu/BROWSE/OPERA-S1/OPERA_L2_CSLC-S1_T106-225772-IW2_20240222T225950Z_20240504T144239Z_S1A_VV_v1.1_BROWSE.png,272117977,106,,ASCENDING,52678.0
2024-12-16,"Park Place, Schuylkill County",40.8354,-76.1558,Mine Subsidence,75x45 ft hole swallowed an in-ground pool; 10 yards from a 2016 event.,OPERA_S1_DISP,OPERA_L2_RTC-S1_T106-225772-IW2_20240305T225950Z_20240306T184140Z_S1A_30_v1.0,OPERA_L2_RTC-S1_T106-225772-IW2_20240305T225950Z_20240306T184140Z_S1A_30_v1.0_VH.tif,2024-03-05 22:59:50+00:00,2024-03-05 22:59:53+00:00,https://datapool.asf.alaska.edu/RTC/OPERA-S1/OPERA_L2_RTC-S1_T106-225772-IW2_20240305T225950Z_20240306T184140Z_S1A_30_v1.0_VH.tif,https://datapool.asf.alaska.edu/BROWSE/OPERA-S1/OPERA_L2_RTC-S1_T106-225772-IW2_20240305T225950Z_20240306T184140Z_S1A_30_v1.0_BROWSE.png,104685,106,,ASCENDING,52853.0
2024-12-16,"Park Place, Schuylkill County",40.8354,-76.1558,Mine Subsidence,75x45 ft hole swallowed an in-ground pool; 10 yards from a 2016 event.,OPERA_S1_DISP,OPERA_L2_CSLC-S1_T106-225772-IW2_20240305T225950Z_20240504T180129Z_S1A_VV_v1.1,OPERA_L2_CSLC-S1_T106-225772-IW2_20240305T225950Z_20240504T180129Z_S1A_VV_v1.1.h5,2024-03-05 22:59:50+00:00,2024-03-05 22:59:53+00:00,https://datapool.asf.alaska.edu/CSLC/OPERA-S1/OPERA_L2_CSLC-S1_T106-225772-IW2_20240305T225950Z_20240504T180129Z_S1A_VV_v1.1.h5,https://datapool.asf.alaska.edu/BROWSE/OPERA-S1/OPERA_L2_CSLC-S1_T106-225772-IW2_20240305T225950Z_20240504T180129Z_S1A_VV_v1.1_BROWSE.png,271886478,106,,ASCENDING,52853.0
2024-12-16,"Park Place, Schuylkill County",40.8354,-76.1558,Mine Subsidence,75x45 ft hole swallowed an in-ground pool; 10 yards from a 2016 event.,OPERA_S1_DISP,OPERA_L2_CSLC-S1_T106-225772-IW2_20240317T225950Z_20240504T212545Z_S1A_VV_v1.1,OPERA_L2_CSLC-S1_T106-225772-IW2_20240317T225950Z_20240504T212545Z_S1A_VV_v1.1.h5,2024-03-17 22:59:50+00:00,2024-03-17 22:59:53+00:00,https://datapool.asf.alaska.edu/CSLC/OPERA-S1/OPERA_L2_CSLC-S1_T106-225772-IW2_20240317T225950Z_20240504T212545Z_S1A_VV_v1.1.h5,https://datapool.asf.alaska.edu/BROWSE/OPERA-S1/OPERA_L2_CSLC-S1_T106-225772-IW2_20240317T225950Z_20240504T212545Z_S1A_VV_v1.1_BROWSE.png,271980308,106,,ASCENDING,53028.0
2024-12-16,"Park Place, Schuylkill County",40.8354,-76.1558,Mine Subsidence,75x45 ft hole swallowed an in-ground pool; 10 yards from a 2016 event.,OPERA_S1_DISP,OPERA_L2_RTC-S1_T106-225772-IW2_20240317T225950Z_20240318T122311Z_S1A_30_v1.0,OPERA_L2_RTC-S1_T106-225772-IW2_20240317T225950Z_20240318T122311Z_S1A_30_v1.0_VH.tif,2024-03-17 22:59:50+00:00,2024-03-17 22:59:53+00:00,https://datapool.asf.alaska.edu/RTC/OPERA-S1/OPERA_L2_RTC-S1_T106-225772-IW2_20240317T225950Z_20240318T122311Z_S1A_30_v1.0_VH.tif,https://datapool.asf.alaska.edu/BROWSE/OPERA-S1/OPERA_L2_RTC-S1_T106-225772-IW2_20240317T225950Z_20240318T122311Z_S1A_30_v1.0_BROWSE.png,110605,106,,ASCENDING,53028.0
2024-12-16,"Park Place, Schuylkill County",40.8354,-76.1558,Mine Subsidence,75x45 ft hole swallowed an in-ground pool; 10 yards from a 2016 event.,OPERA_S1_DISP,OPERA_L2_CSLC-S1_T106-225772-IW2_20240329T225951Z_20240505T004659Z_S1A_VV_v1.1,OPERA_L2_CSLC-S1_T106-225772-IW2_20240329T225951Z_20240505T004659Z_S1A_VV_v1.1.h5,2024-03-29 22:59:51+00:00,2024-03-29 22:59:54+00:00,https://datapool.asf.alaska.edu/CSLC/OPERA-S1/OPERA_L2_CSLC-S1_T106-225772-IW2_20240329T225951Z_20240505T004659Z_S1A_VV_v1.1.h5,https://datapool.asf.alaska.edu/BROWSE/OPERA-S1/OPERA_L2_CSLC-S1_T106-225772-IW2_20240329T225951Z_20240505T004659Z_S1A_VV_v1.1_BROWSE.png,271857276,106,,ASCENDING,53203.0
2024-12-16,"Park Place, Schuylkill County",40.8354,-76.1558,Mine Subsidence,75x45 ft hole swallowed an in-ground pool; 10 yards from a 2016 event.,OPERA_S1_DISP,OPERA_L2_RTC-S1_T106-225772-IW2_20240329T225951Z_20240330T114448Z_S1A_30_v1.0,OPERA_L2_RTC-S1_T106-225772-IW2_20240329T225951Z_20240330T114448Z_S1A_30_v1.0_VH.tif,2024-03-29 22:59:51+00:00,2024-03-29 22:59:54+00:00,https://datapool.asf.alaska.edu/RTC/OPERA-S1/OPERA_L2_RTC-S1_T106-225772-IW2_20240329T225951Z_20240330T114448Z_S1A_30_v1.0_VH.tif,https://datapool.asf.alaska.edu/BROWSE/OPERA-S1/OPERA_L2_RTC-S1_T106-225772-IW2_20240329T225951Z_20240330T114448Z_S1A_30_v1.0_BROWSE.png,110605,106,,ASCENDING,53203.0
2024-12-16,"Park Place, Schuylkill County",40.8354,-76.1558,Mine Subsidence,75x45 ft hole swallowed an in-ground pool; 10 yards from a 2016 event.,OPERA_S1_DISP,OPERA_L2_RTC-S1_T106-225772-IW2_20240410T225950Z_20240414T014625Z_S1A_30_v1.0,OPERA_L2_RTC-S1_T106-225772-IW2_20240410T225950Z_20240414T014625Z_S1A_30_v1.0_VH.tif,2024-04-10 22:59:50+00:00,2024-04-10 22:59:53+00:00,https://datapool.asf.alaska.edu/RTC/OPERA-S1/OPERA_L2_RTC-S1_T106-225772-IW2_20240410T225950Z_20240414T014625Z_S1A_30_v1.0_VH.tif,https://datapool.asf.alaska.edu/BROWSE/OPERA-S1/OPERA_L2_RTC-S1_T106-225772-IW2_20240410T225950Z_20240414T014625Z_S1A_30_v1.0_BROWSE.png,104685,106,,ASCENDING,53378.0
2024-12-16,"Park Place, Schuylkill County",40.8354,-76.1558,Mine Subsidence,75x45 ft hole swallowed an in-ground pool; 10 yards from a 2016 event.,OPERA_S1_DISP,OPERA_L2_RTC-S1_T106-225772-IW2_20240410T225950Z_20240419T061654Z_S1A_30_v1.0,OPERA_L2_RTC-S1_T106-225772-IW2_20240410T225950Z_20240419T061654Z_S1A_30_v1.0_VH.tif,2024-04-10 22:59:50+00:00,2024-04-10 22:59:53+00:00,https://datapool.asf.alaska.edu/RTC/OPERA-S1/OPERA_L2_RTC-S1_T106-225772-IW2_20240410T225950Z_20240419T061654Z_S1A_30_v1.0_VH.tif,https://datapool.asf.alaska.edu/BROWSE/OPERA-S1/OPERA_L2_RTC-S1_T106-225772-IW2_20240410T225950Z_20240419T061654Z_S1A_30_v1.0_BROWSE.png,104824,106,,ASCENDING,53378.0
2024-12-16,"Park Place, Schuylkill County",40.8354,-76.1558,Mine Subsidence,75x45 ft hole swallowed an in-ground pool; 10 yards from a 2016 event.,OPERA_S1_DISP,OPERA_L2_CSLC-S1_T106-225772-IW2_20240410T225950Z_20240505T040438Z_S1A_VV_v1.1,OPERA_L2_CSLC-S1_T106-225772-IW2_20240410T225950Z_20240505T040438Z_S1A_VV_v1.1.h5,2024-04-10 22:59:50+00:00,2024-04-10 22:59:53+00:00,https://datapool.asf.alaska.edu/CSLC/OPERA-S1/OPERA_L2_CSLC-S1_T106-225772-IW2_20240410T225950Z_20240505T040438Z_S1A_VV_v1.1.h5,https://datapool.asf.alaska.edu/BROWSE/OPERA-S1/OPERA_L2_CSLC-S1_T106-225772-IW2_20240410T225950Z_20240505T040438Z_S1A_VV_v1.1_BROWSE.png,271945511,106,,ASCENDING,53378.0
2024-12-16,"Park Place, Schuylkill County",40.8354,-76.1558,Mine Subsidence,75x45 ft hole swallowed an in-ground pool; 10 yards from a 2016 event.,OPERA_S1_DISP,OPERA_L2_CSLC-S1_T106-225772-IW2_20240410T225950Z_20240419T102327Z_S1A_VV_v1.1,OPERA_L2_CSLC-S1_T106-225772-IW2_20240410T225950Z_20240419T102327Z_S1A_VV_v1.1.h5,2024-04-10 22:59:50+00:00,2024-04-10 22:59:53+00:00,https://datapool.asf.alaska.edu/CSLC/OPERA-S1/OPERA_L2_CSLC-S1_T106-225772-IW2_20240410T225950Z_20240419T102327Z_S1A_VV_v1.1.h5,https://datapool.asf.alaska.edu/BROWSE/OPERA-S1/OPERA_L2_CSLC-S1_T106-225772-IW2_20240410T225950Z_20240419T102327Z_S1A_VV_v1.1_BROWSE.png,271954153,106,,ASCENDING,53378.0
2024-12-16,"Park Place, Schuylkill County",40.8354,-76.1558,Mine Subsidence,75x45 ft hole swallowed an in-ground pool; 10 yards from a 2016 event.,OPERA_S1_DISP,OPERA_L2_CSLC-S1_T106-225772-IW2_20240422T225951Z_20240426T021856Z_S1A_VV_v1.1,OPERA_L2_CSLC-S1_T106-225772-IW2_20240422T225951Z_20240426T021856Z_S1A_VV_v1.1.h5,2024-04-22 22:59:51+00:00,2024-04-22 22:59:54+00:00,https://datapool.asf.alaska.edu/CSLC/OPERA-S1/OPERA_L2_CSLC-S1_T106-225772-IW2_20240422T225951Z_20240426T021856Z_S1A_VV_v1.1.h5,https://datapool.asf.alaska.edu/BROWSE/OPERA-S1/OPERA_L2_CSLC-S1_T106-225772-IW2_20240422T225951Z_20240426T021856Z_S1A_VV_v1.1_BROWSE.png,271941078,106,,ASCENDING,53553.0
2024-12-16,"Park Place, Schuylkill County",40.8354,-76.1558,Mine Subsidence,75x45 ft hole swallowed an in-ground pool; 10 yards from a 2016 event.,OPERA_S1_DISP,OPERA_L2_RTC-S1_T106-225772-IW2_20240422T225951Z_20240425T134210Z_S1A_30_v1.0,OPERA_L2_RTC-S1_T106-225772-IW2_20240422T225951Z_20240425T134210Z_S1A_30_v1.0_VH.tif,2024-04-22 22:59:51+00:00,2024-04-22 22:59:54+00:00,https://datapool.asf.alaska.edu/RTC/OPERA-S1/OPERA_L2_RTC-S1_T106-225772-IW2_20240422T225951Z_20240425T134210Z_S1A_30_v1.0_VH.tif,https://datapool.asf.alaska.edu/BROWSE/OPERA-S1/OPERA_L2_RTC-S1_T106-225772-IW2_20240422T225951Z_20240425T134210Z_S1A_30_v1.0_BROWSE.png,104824,106,,ASCENDING,53553.0
2024-12-16,"Park Place, Schuylkill County",40.8354,-76.1558,Mine Subsidence,75x45 ft hole swallowed an in-ground pool; 10 yards from a 2016 event.,OPERA_S1_DISP,OPERA_L2_RTC-S1_T106-225772-IW2_20240504T225952Z_20240505T073113Z_S1A_30_v1.0,OPERA_L2_RTC-S1_T106-225772-IW2_20240504T225952Z_20240505T073113Z_S1A_30_v1.0_VH.tif,2024-05-04 22:59:52+00:00,2024-05-04 22:59:55+00:00,https://datapool.asf.alaska.edu/RTC/OPERA-S1/OPERA_L2_RTC-S1_T106-225772-IW2_20240504T225952Z_20240505T073113Z_S1A_30_v1.0_VH.tif,https://datapool.asf.alaska.edu/BROWSE/OPERA-S1/OPERA_L2_RTC-S1_T106-225772-IW2_20240504T225952Z_20240505T073113Z_S1A_30_v1.0_BROWSE.png,110824,106,,ASCENDING,53728.0
2024-12-16,"Park Place, Schuylkill County",40.8354,-76.1558,Mine Subsidence,75x45 ft hole swallowed an in-ground pool; 10 yards from a 2016 event.,OPERA_S1_DISP,OPERA_L2_CSLC-S1_T106-225772-IW2_20240504T225952Z_20240505T201557Z_S1A_VV_v1.1,OPERA_L2_CSLC-S1_T106-225772-IW2_20240504T225952Z_20240505T201557Z_S1A_VV_v1.1.h5,2024-05-04 22:59:52+00:00,2024-05-04 22:59:55+00:00,https://datapool.asf.alaska.edu/CSLC/OPERA-S1/OPERA_L2_CSLC-S1_T106-225772-IW2_20240504T225952Z_20240505T201557Z_S1A_VV_v1.1.h5,https://datapool.asf.alaska.edu/BROWSE/OPERA-S1/OPERA_L2_CSLC-S1_T106-225772-IW2_20240504T225952Z_20240505T201557Z_S1A_VV_v1.1_BROWSE.png,272081661,106,,ASCENDING,53728.0
2024-12-16,"Park Place, Schuylkill County",40.8354,-76.1558,Mine Subsidence,75x45 ft hole swallowed an in-ground pool; 10 yards from a 2016 event.,OPERA_S1_DISP,OPERA_L2_RTC-S1_T106-225772-IW2_20240516T225952Z_20240517T062227Z_S1A_30_v1.0,OPERA_L2_RTC-S1_T106-225772-IW2_20240516T225952Z_20240517T062227Z_S1A_30_v1.0_VH.tif,2024-05-16 22:59:52+00:00,2024-05-16 22:59:55+00:00,https://datapool.asf.alaska.edu/RTC/OPERA-S1/OPERA_L2_RTC-S1_T106-225772-IW2_20240516T225952Z_20240517T062227Z_S1A_30_v1.0_VH.tif,https://datapool.asf.alaska.edu/BROWSE/OPERA-S1/OPERA_L2_RTC-S1_T106-225772-IW2_20240516T225952Z_20240517T062227Z_S1A_30_v1.0_BROWSE.png,110824,106,,ASCENDING,53903.0
2024-12-16,"Park Place, Schuylkill County",40.8354,-76.1558,Mine Subsidence,75x45 ft hole swallowed an in-ground pool; 10 yards from a 2016 event.,OPERA_S1_DISP,OPERA_L2_CSLC-S1_T106-225772-IW2_20240516T225952Z_20240517T191630Z_S1A_VV_v1.1,OPERA_L2_CSLC-S1_T106-225772-IW2_20240516T225952Z_20240517T191630Z_S1A_VV_v1.1.h5,2024-05-16 22:59:52+00:00,2024-05-16 22:59:55+00:00,https://datapool.asf.alaska.edu/CSLC/OPERA-S1/OPERA_L2_CSLC-S1_T106-225772-IW2_20240516T225952Z_20240517T191630Z_S1A_VV_v1.1.h5,https://datapool.asf.alaska.edu/BROWSE/OPERA-S1/OPERA_L2_CSLC-S1_T106-225772-IW2_20240516T225952Z_20240517T191630Z_S1A_VV_v1.1_BROWSE.png,272172954,106,,ASCENDING,53903.0
2024-12-16,"Park Place, Schuylkill County",40.8354,-76.1558,Mine Subsidence,75x45 ft hole swallowed an in-ground pool; 10 yards from a 2016 event.,OPERA_S1_DISP,OPERA_L2_CSLC-S1_T106-225772-IW2_20240528T225951Z_20240530T013053Z_S1A_VV_v1.1,OPERA_L2_CSLC-S1_T106-225772-IW2_20240528T225951Z_20240530T013053Z_S1A_VV_v1.1.h5,2024-05-28 22:59:51+00:00,2024-05-28 22:59:54+00:00,https://datapool.asf.alaska.edu/CSLC/OPERA-S1/OPERA_L2_CSLC-S1_T106-225772-IW2_20240528T225951Z_20240530T013053Z_S1A_VV_v1.1.h5,https://datapool.asf.alaska.edu/BROWSE/OPERA-S1/OPERA_L2_CSLC-S1_T106-225772-IW2_20240528T225951Z_20240530T013053Z_S1A_VV_v1.1_BROWSE.png,272019659,106,,ASCENDING,54078.0
2024-12-16,"Park Place, Schuylkill County",40.8354,-76.1558,Mine Subsidence,75x45 ft hole swallowed an in-ground pool; 10 yards from a 2016 event.,OPERA_S1_DISP,OPERA_L2_RTC-S1_T106-225772-IW2_20240528T225951Z_20240529T072107Z_S1A_30_v1.0,OPERA_L2_RTC-S1_T106-225772-IW2_20240528T225951Z_20240529T072107Z_S1A_30_v1.0_VH.tif,2024-05-28 22:59:51+00:00,2024-05-28 22:59:54+00:00,https://datapool.asf.alaska.edu/RTC/OPERA-S1/OPERA_L2_RTC-S1_T106-225772-IW2_20240528T225951Z_20240529T072107Z_S1A_30_v1.0_VH.tif,https://datapool.asf.alaska.edu/BROWSE/OPERA-S1/OPERA_L2_RTC-S1_T106-225772-IW2_20240528T225951Z_20240529T072107Z_S1A_30_v1.0_BROWSE.png,104824,106,,ASCENDING,54078.0
2024-12-16,"Park Place, Schuylkill County",40.8354,-76.1558,Mine Subsidence,75x45 ft hole swallowed an in-ground pool; 10 yards from a 2016 event.,OPERA_S1_DISP,OPERA_L2_RTC-S1_T106-225772-IW2_20240609T225951Z_20240613T180018Z_S1A_30_v1.0,OPERA_L2_RTC-S1_T106-225772-IW2_20240609T225951Z_20240613T180018Z_S1A_30_v1.0_VH.tif,2024-06-09 22:59:51+00:00,2024-06-09 22:59:54+00:00,https://datapool.asf.alaska.edu/RTC/OPERA-S1/OPERA_L2_RTC-S1_T106-225772-IW2_20240609T225951Z_20240613T180018Z_S1A_30_v1.0_VH.tif,https://datapool.asf.alaska.edu/BROWSE/OPERA-S1/OPERA_L2_RTC-S1_T106-225772-IW2_20240609T225951Z_20240613T180018Z_S1A_30_v1.0_BROWSE.png,104824,106,,ASCENDING,54253.0
2024-12-16,"Park Place, Schuylkill County",40.8354,-76.1558,Mine Subsidence,75x45 ft hole swallowed an in-ground pool; 10 yards from a 2016 event.,OPERA_S1_DISP,OPERA_L2_CSLC-S1_T106-225772-IW2_20240609T225951Z_20240614T063101Z_S1A_VV_v1.1,OPERA_L2_CSLC-S1_T106-225772-IW2_20240609T225951Z_20240614T063101Z_S1A_VV_v1.1.h5,2024-06-09 22:59:51+00:00,2024-06-09 22:59:54+00:00,https://datapool.asf.alaska.edu/CSLC/OPERA-S1/OPERA_L2_CSLC-S1_T106-225772-IW2_20240609T225951Z_20240614T063101Z_S1A_VV_v1.1.h5,https://datapool.asf.alaska.edu/BROWSE/OPERA-S1/OPERA_L2_CSLC-S1_T106-225772-IW2_20240609T225951Z_20240614T063101Z_S1A_VV_v1.1_BROWSE.png,272045563,106,,ASCENDING,54253.0
2024-12-16,"Park Place, Schuylkill County",40.8354,-76.1558,Mine Subsidence,75x45 ft hole swallowed an in-ground pool; 10 yards from a 2016 event.,OPERA_S1_DISP,OPERA_L2_CSLC-S1_T106-225772-IW2_20240621T225950Z_20240625T083209Z_S1A_VV_v1.1,OPERA_L2_CSLC-S1_T106-225772-IW2_20240621T225950Z_20240625T083209Z_S1A_VV_v1.1.h5,2024-06-21 22:59:50+00:00,2024-06-21 22:59:53+00:00,https://datapool.asf.alaska.edu/CSLC/OPERA-S1/OPERA_L2_CSLC-S1_T106-225772-IW2_20240621T225950Z_20240625T083209Z_S1A_VV_v1.1.h5,https://datapool.asf.alaska.edu/BROWSE/OPERA-S1/OPERA_L2_CSLC-S1_T106-225772-IW2_20240621T225950Z_20240625T083209Z_S1A_VV_v1.1_BROWSE.png,272163746,106,,ASCENDING,54428.0
2024-12-16,"Park Place, Schuylkill County",40.8354,-76.1558,Mine Subsidence,75x45 ft hole swallowed an in-ground pool; 10 yards from a 2016 event.,OPERA_S1_DISP,OPERA_L2_RTC-S1_T106-225772-IW2_20240621T225950Z_20240624T201411Z_S1A_30_v1.0,OPERA_L2_RTC-S1_T106-225772-IW2_20240621T225950Z_20240624T201411Z_S1A_30_v1.0_VH.tif,2024-06-21 22:59:50+00:00,2024-06-21 22:59:53+00:00,https://datapool.asf.alaska.edu/RTC/OPERA-S1/OPERA_L2_RTC-S1_T106-225772-IW2_20240621T225950Z_20240624T201411Z_S1A_30_v1.0_VH.tif,https://datapool.asf.alaska.edu/BROWSE/OPERA-S1/OPERA_L2_RTC-S1_T106-225772-IW2_20240621T225950Z_20240624T201411Z_S1A_30_v1.0_BROWSE.png,104824,106,,ASCENDING,54428.0
2024-12-16,"Park Place, Schuylkill County",40.8354,-76.1558,Mine Subsidence,75x45 ft hole swallowed an in-ground pool; 10 yards from a 2016 event.,OPERA_S1_DISP,OPERA_L2_CSLC-S1_T106-225772-IW2_20240703T225949Z_20240704T232311Z_S1A_VV_v1.1,OPERA_L2_CSLC-S1_T106-225772-IW2_20240703T225949Z_20240704T232311Z_S1A_VV_v1.1.h5,2024-07-03 22:59:49+00:00,2024-07-03 22:59:52+00:00,https://datapool.asf.alaska.edu/CSLC/OPERA-S1/OPERA_L2_CSLC-S1_T106-225772-IW2_20240703T225949Z_20240704T232311Z_S1A_VV_v1.1.h5,https://datapool.asf.alaska.edu/BROWSE/OPERA-S1/OPERA_L2_CSLC-S1_T106-225772-IW2_20240703T225949Z_20240704T232311Z_S1A_VV_v1.1_BROWSE.png,272063679,106,,ASCENDING,54603.0
2024-12-16,"Park Place, Schuylkill County",40.8354,-76.1558,Mine Subsidence,75x45 ft hole swallowed an in-ground pool; 10 yards from a 2016 event.,OPERA_S1_DISP,OPERA_L2_RTC-S1_T106-225772-IW2_20240703T225949Z_20240704T104332Z_S1A_30_v1.0,OPERA_L2_RTC-S1_T106-225772-IW2_20240703T225949Z_20240704T104332Z_S1A_30_v1.0_VH.tif,2024-07-03 22:59:49+00:00,2024-07-03 22:59:52+00:00,https://datapool.asf.alaska.edu/RTC/OPERA-S1/OPERA_L2_RTC-S1_T106-225772-IW2_20240703T225949Z_20240704T104332Z_S1A_30_v1.0_VH.tif,https://datapool.asf.alaska.edu/BROWSE/OPERA-S1/OPERA_L2_RTC-S1_T106-225772-IW2_20240703T225949Z_20240704T104332Z_S1A_30_v1.0_BROWSE.png,104824,106,,ASCENDING,54603.0
2024-12-16,"Park Place, Schuylkill County",40.8354,-76.1558,Mine Subsidence,75x45 ft hole swallowed an in-ground pool; 10 yards from a 2016 event.,OPERA_S1_DISP,OPERA_L2_CSLC-S1_T106-225772-IW2_20240715T225949Z_20240716T194144Z_S1A_VV_v1.1,OPERA_L2_CSLC-S1_T106-225772-IW2_20240715T225949Z_20240716T194144Z_S1A_VV_v1.1.h5,2024-07-15 22:59:49+00:00,2024-07-15 22:59:52+00:00,https://datapool.asf.alaska.edu/CSLC/OPERA-S1/OPERA_L2_CSLC-S1_T106-225772-IW2_20240715T225949Z_20240716T194144Z_S1A_VV_v1.1.h5,https://datapool.asf.alaska.edu/BROWSE/OPERA-S1/OPERA_L2_CSLC-S1_T106-225772-IW2_20240715T225949Z_20240716T194144Z_S1A_VV_v1.1_BROWSE.png,272072786,106,,ASCENDING,54778.0
2024-12-16,"Park Place, Schuylkill County",40.8354,-76.1558,Mine Subsidence,75x45 ft hole swallowed an in-ground pool; 10 yards from a 2016 event.,OPERA_S1_DISP,OPERA_L2_RTC-S1_T106-225772-IW2_20240715T225949Z_20240716T063050Z_S1A_30_v1.0,OPERA_L2_RTC-S1_T106-225772-IW2_20240715T225949Z_20240716T063050Z_S1A_30_v1.0_VH.tif,2024-07-15 22:59:49+00:00,2024-07-15 22:59:52+00:00,https://datapool.asf.alaska.edu/RTC/OPERA-S1/OPERA_L2_RTC-S1_T106-225772-IW2_20240715T225949Z_20240716T063050Z_S1A_30_v1.0_VH.tif,https://datapool.asf.alaska.edu/BROWSE/OPERA-S1/OPERA_L2_RTC-S1_T106-225772-IW2_20240715T225949Z_20240716T063050Z_S1A_30_v1.0_BROWSE.png,104824,106,,ASCENDING,54778.0
2024-12-16,"Park Place, Schuylkill County",40.8354,-76.1558,Mine Subsidence,75x45 ft hole swallowed an in-ground pool; 10 yards from a 2016 event.,OPERA_S1_DISP,OPERA_L2_RTC-S1_T106-225772-IW2_20240727T225949Z_20240728T123751Z_S1A_30_v1.0,OPERA_L2_RTC-S1_T106-225772-IW2_20240727T225949Z_20240728T123751Z_S1A_30_v1.0_VH.tif,2024-07-27 22:59:49+00:00,2024-07-27 22:59:52+00:00,https://datapool.asf.alaska.edu/RTC/OPERA-S1/OPERA_L2_RTC-S1_T106-225772-IW2_20240727T225949Z_20240728T123751Z_S1A_30_v1.0_VH.tif,https://datapool.asf.alaska.edu/BROWSE/OPERA-S1/OPERA_L2_RTC-S1_T106-225772-IW2_20240727T225949Z_20240728T123751Z_S1A_30_v1.0_BROWSE.png,104824,106,,ASCENDING,54953.0
2024-12-16,"Park Place, Schuylkill County",40.8354,-76.1558,Mine Subsidence,75x45 ft hole swallowed an in-ground pool; 10 yards from a 2016 event.,OPERA_S1_DISP,OPERA_L2_CSLC-S1_T106-225772-IW2_20240727T225949Z_20240729T013144Z_S1A_VV_v1.1,OPERA_L2_CSLC-S1_T106-225772-IW2_20240727T225949Z_20240729T013144Z_S1A_VV_v1.1.h5,2024-07-27 22:59:49+00:00,2024-07-27 22:59:52+00:00,https://datapool.asf.alaska.edu/CSLC/OPERA-S1/OPERA_L2_CSLC-S1_T106-225772-IW2_20240727T225949Z_20240729T013144Z_S1A_VV_v1.1.h5,https://datapool.asf.alaska.edu/BROWSE/OPERA-S1/OPERA_L2_CSLC-S1_T106-225772-IW2_20240727T225949Z_20240729T013144Z_S1A_VV_v1.1_BROWSE.png,272048608,106,,ASCENDING,54953.0
2024-12-16,"Park Place, Schuylkill County",40.8354,-76.1558,Mine Subsidence,75x45 ft hole swallowed an in-ground pool; 10 yards from a 2016 event.,OPERA_S1_DISP,OPERA_L2_RTC-S1_T106-225772-IW2_20240808T225949Z_20240809T134932Z_S1A_30_v1.0,OPERA_L2_RTC-S1_T106-225772-IW2_20240808T225949Z_20240809T134932Z_S1A_30_v1.0_VH.tif,2024-08-08 22:59:49+00:00,2024-08-08 22:59:52+00:00,https://datapool.asf.alaska.edu/RTC/OPERA-S1/OPERA_L2_RTC-S1_T106-225772-IW2_20240808T225949Z_20240809T134932Z_S1A_30_v1.0_VH.tif,https://datapool.asf.alaska.edu/BROWSE/OPERA-S1/OPERA_L2_RTC-S1_T106-225772-IW2_20240808T225949Z_20240809T134932Z_S1A_30_v1.0_BROWSE.png,110824,106,,ASCENDING,55128.0
2024-12-16,"Park Place, Schuylkill County",40.8354,-76.1558,Mine Subsidence,75x45 ft hole swallowed an in-ground pool; 10 yards from a 2016 event.,OPERA_S1_DISP,OPERA_L2_CSLC-S1_T106-225772-IW2_20240808T225949Z_20240810T022653Z_S1A_VV_v1.1,OPERA_L2_CSLC-S1_T106-225772-IW2_20240808T225949Z_20240810T022653Z_S1A_VV_v1.1.h5,2024-08-08 22:59:49+00:00,2024-08-08 22:59:52+00:00,https://datapool.asf.alaska.edu/CSLC/OPERA-S1/OPERA_L2_CSLC-S1_T106-225772-IW2_20240808T225949Z_20240810T022653Z_S1A_VV_v1.1.h5,https://datapool.asf.alaska.edu/BROWSE/OPERA-S1/OPERA_L2_CSLC-S1_T106-225772-IW2_20240808T225949Z_20240810T022653Z_S1A_VV_v1.1_BROWSE.png,272223989,106,,ASCENDING,55128.0
2024-12-16,"Park Place, Schuylkill County",40.8354,-76.1558,Mine Subsidence,75x45 ft hole swallowed an in-ground pool; 10 yards from a 2016 event.,OPERA_S1_DISP,OPERA_L2_CSLC-S1_T106-225772-IW2_20240820T225949Z_20240822T010838Z_S1A_VV_v1.1,OPERA_L2_CSLC-S1_T106-225772-IW2_20240820T225949Z_20240822T010838Z_S1A_VV_v1.1.h5,2024-08-20 22:59:49+00:00,2024-08-20 22:59:52+00:00,https://datapool.asf.alaska.edu/CSLC/OPERA-S1/OPERA_L2_CSLC-S1_T106-225772-IW2_20240820T225949Z_20240822T010838Z_S1A_VV_v1.1.h5,https://datapool.asf.alaska.edu/BROWSE/OPERA-S1/OPERA_L2_CSLC-S1_T106-225772-IW2_20240820T225949Z_20240822T010838Z_S1A_VV_v1.1_BROWSE.png,271882950,106,,ASCENDING,55303.0
2024-12-16,"Park Place, Schuylkill County",40.8354,-76.1558,Mine Subsidence,75x45 ft hole swallowed an in-ground pool; 10 yards from a 2016 event.,OPERA_S1_DISP,OPERA_L2_RTC-S1_T106-225772-IW2_20240820T225949Z_20240821T115613Z_S1A_30_v1.0,OPERA_L2_RTC-S1_T106-225772-IW2_20240820T225949Z_20240821T115613Z_S1A_30_v1.0_VH.tif,2024-08-20 22:59:49+00:00,2024-08-20 22:59:52+00:00,https://datapool.asf.alaska.edu/RTC/OPERA-S1/OPERA_L2_RTC-S1_T106-225772-IW2_20240820T225949Z_20240821T115613Z_S1A_30_v1.0_VH.tif,https://datapool.asf.alaska.edu/BROWSE/OPERA-S1/OPERA_L2_RTC-S1_T106-225772-IW2_20240820T225949Z_20240821T115613Z_S1A_30_v1.0_BROWSE.png,104824,106,,ASCENDING,55303.0
2024-12-16,"Park Place, Schuylkill County",40.8354,-76.1558,Mine Subsidence,75x45 ft hole swallowed an in-ground pool; 10 yards from a 2016 event.,OPERA_S1_DISP,OPERA_L2_CSLC-S1_T106-225772-IW2_20240901T225949Z_20240902T192911Z_S1A_VV_v1.1,OPERA_L2_CSLC-S1_T106-225772-IW2_20240901T225949Z_20240902T192911Z_S1A_VV_v1.1.h5,2024-09-01 22:59:49+00:00,2024-09-01 22:59:52+00:00,https://datapool.asf.alaska.edu/CSLC/OPERA-S1/OPERA_L2_CSLC-S1_T106-225772-IW2_20240901T225949Z_20240902T192911Z_S1A_VV_v1.1.h5,https://datapool.asf.alaska.edu/BROWSE/OPERA-S1/OPERA_L2_CSLC-S1_T106-225772-IW2_20240901T225949Z_20240902T192911Z_S1A_VV_v1.1_BROWSE.png,272050272,106,,ASCENDING,55478.0
2024-12-16,"Park Place, Schuylkill County",40.8354,-76.1558,Mine Subsidence,75x45 ft hole swallowed an in-ground pool; 10 yards from a 2016 event.,OPERA_S1_DISP,OPERA_L2_RTC-S1_T106-225772-IW2_20240901T225949Z_20240902T064606Z_S1A_30_v1.0,OPERA_L2_RTC-S1_T106-225772-IW2_20240901T225949Z_20240902T064606Z_S1A_30_v1.0_VH.tif,2024-09-01 22:59:49+00:00,2024-09-01 22:59:52+00:00,https://datapool.asf.alaska.edu/RTC/OPERA-S1/OPERA_L2_RTC-S1_T106-225772-IW2_20240901T225949Z_20240902T064606Z_S1A_30_v1.0_VH.tif,https://datapool.asf.alaska.edu/BROWSE/OPERA-S1/OPERA_L2_RTC-S1_T106-225772-IW2_20240901T225949Z_20240902T064606Z_S1A_30_v1.0_BROWSE.png,110824,106,,ASCENDING,55478.0
2024-12-16,"Park Place, Schuylkill County",40.8354,-76.1558,Mine Subsidence,75x45 ft hole swallowed an in-ground pool; 10 yards from a 2016 event.,OPERA_S1_DISP,OPERA_L2_CSLC-S1_T106-225772-IW2_20240913T225950Z_20240914T202831Z_S1A_VV_v1.1,OPERA_L2_CSLC-S1_T106-225772-IW2_20240913T225950Z_20240914T202831Z_S1A_VV_v1.1.h5,2024-09-13 22:59:50+00:00,2024-09-13 22:59:53+00:00,https://datapool.asf.alaska.edu/CSLC/OPERA-S1/OPERA_L2_CSLC-S1_T106-225772-IW2_20240913T225950Z_20240914T202831Z_S1A_VV_v1.1.h5,https://datapool.asf.alaska.edu/BROWSE/OPERA-S1/OPERA_L2_CSLC-S1_T106-225772-IW2_20240913T225950Z_20240914T202831Z_S1A_VV_v1.1_BROWSE.png,271960365,106,,ASCENDING,55653.0
2024-12-16,"Park Place, Schuylkill County",40.8354,-76.1558,Mine Subsidence,75x45 ft hole swallowed an in-ground pool; 10 yards from a 2016 event.,OPERA_S1_DISP,OPERA_L2_RTC-S1_T106-225772-IW2_20240913T225950Z_20240914T081721Z_S1A_30_v1.0,OPERA_L2_RTC-S1_T106-225772-IW2_20240913T225950Z_20240914T081721Z_S1A_30_v1.0_VH.tif,2024-09-13 22:59:50+00:00,2024-09-13 22:59:53+00:00,https://datapool.asf.alaska.edu/RTC/OPERA-S1/OPERA_L2_RTC-S1_T106-225772-IW2_20240913T225950Z_20240914T081721Z_S1A_30_v1.0_VH.tif,https://datapool.asf.alaska.edu/BROWSE/OPERA-S1/OPERA_L2_RTC-S1_T106-225772-IW2_20240913T225950Z_20240914T081721Z_S1A_30_v1.0_BROWSE.png,104824,106,,ASCENDING,55653.0
2024-12-16,"Park Place, Schuylkill County",40.8354,-76.1558,Mine Subsidence,75x45 ft hole swallowed an in-ground pool; 10 yards from a 2016 event.,OPERA_S1_DISP,OPERA_L2_CSLC-S1_T106-225772-IW2_20240925T225950Z_20240927T122429Z_S1A_VV_v1.1,OPERA_L2_CSLC-S1_T106-225772-IW2_20240925T225950Z_20240927T122429Z_S1A_VV_v1.1.h5,2024-09-25 22:59:50+00:00,2024-09-25 22:59:53+00:00,https://datapool.asf.alaska.edu/CSLC/OPERA-S1/OPERA_L2_CSLC-S1_T106-225772-IW2_20240925T225950Z_20240927T122429Z_S1A_VV_v1.1.h5,https://datapool.asf.alaska.edu/BROWSE/OPERA-S1/OPERA_L2_CSLC-S1_T106-225772-IW2_20240925T225950Z_20240927T122429Z_S1A_VV_v1.1_BROWSE.png,272181322,106,,ASCENDING,55828.0
2024-12-16,"Park Place, Schuylkill County",40.8354,-76.1558,Mine Subsidence,75x45 ft hole swallowed an in-ground pool; 10 yards from a 2016 event.,OPERA_S1_DISP,OPERA_L2_RTC-S1_T106-225772-IW2_20240925T225950Z_20240927T164102Z_S1A_30_v1.0,OPERA_L2_RTC-S1_T106-225772-IW2_20240925T225950Z_20240927T164102Z_S1A_30_v1.0_VH.tif,2024-09-25 22:59:50+00:00,2024-09-25 22:59:53+00:00,https://datapool.asf.alaska.edu/RTC/OPERA-S1/OPERA_L2_RTC-S1_T106-225772-IW2_20240925T225950Z_20240927T164102Z_S1A_30_v1.0_VH.tif,https://datapool.asf.alaska.edu/BROWSE/OPERA-S1/OPERA_L2_RTC-S1_T106-225772-IW2_20240925T225950Z_20240927T164102Z_S1A_30_v1.0_BROWSE.png,110824,106,,ASCENDING,55828.0
2024-12-16,"Park Place, Schuylkill County",40.8354,-76.1558,Mine Subsidence,75x45 ft hole swallowed an in-ground pool; 10 yards from a 2016 event.,OPERA_S1_DISP,OPERA_L2_RTC-S1_T106-225772-IW2_20241007T225951Z_20241008T090137Z_S1A_30_v1.0,OPERA_L2_RTC-S1_T106-225772-IW2_20241007T225951Z_20241008T090137Z_S1A_30_v1.0_VH.tif,2024-10-07 22:59:51+00:00,2024-10-07 22:59:54+00:00,https://datapool.asf.alaska.edu/RTC/OPERA-S1/OPERA_L2_RTC-S1_T106-225772-IW2_20241007T225951Z_20241008T090137Z_S1A_30_v1.0_VH.tif,https://datapool.asf.alaska.edu/BROWSE/OPERA-S1/OPERA_L2_RTC-S1_T106-225772-IW2_20241007T225951Z_20241008T090137Z_S1A_30_v1.0_BROWSE.png,104824,106,,ASCENDING,56003.0
2024-12-16,"Park Place, Schuylkill County",40.8354,-76.1558,Mine Subsidence,75x45 ft hole swallowed an in-ground pool; 10 yards from a 2016 event.,OPERA_S1_DISP,OPERA_L2_CSLC-S1_T106-225772-IW2_20241007T225951Z_20241008T213956Z_S1A_VV_v1.1,OPERA_L2_CSLC-S1_T106-225772-IW2_20241007T225951Z_20241008T213956Z_S1A_VV_v1.1.h5,2024-10-07 22:59:51+00:00,2024-10-07 22:59:54+00:00,https://datapool.asf.alaska.edu/CSLC/OPERA-S1/OPERA_L2_CSLC-S1_T106-225772-IW2_20241007T225951Z_20241008T213956Z_S1A_VV_v1.1.h5,https://datapool.asf.alaska.edu/BROWSE/OPERA-S1/OPERA_L2_CSLC-S1_T106-225772-IW2_20241007T225951Z_20241008T213956Z_S1A_VV_v1.1_BROWSE.png,271930472,106,,ASCENDING,56003.0
2024-12-16,"Park Place, Schuylkill County",40.8354,-76.1558,Mine Subsidence,75x45 ft hole swallowed an in-ground pool; 10 yards from a 2016 event.,OPERA_S1_DISP,OPERA_L2_CSLC-S1_T106-225772-IW2_20241019T225951Z_20241020T172904Z_S1A_VV_v1.1,OPERA_L2_CSLC-S1_T106-225772-IW2_20241019T225951Z_20241020T172904Z_S1A_VV_v1.1.h5,2024-10-19 22:59:51+00:00,2024-10-19 22:59:54+00:00,https://datapool.asf.alaska.edu/CSLC/OPERA-S1/OPERA_L2_CSLC-S1_T106-225772-IW2_20241019T225951Z_20241020T172904Z_S1A_VV_v1.1.h5,https://datapool.asf.alaska.edu/BROWSE/OPERA-S1/OPERA_L2_CSLC-S1_T106-225772-IW2_20241019T225951Z_20241020T172904Z_S1A_VV_v1.1_BROWSE.png,271857160,106,,ASCENDING,56178.0
2024-12-16,"Park Place, Schuylkill County",40.8354,-76.1558,Mine Subsidence,75x45 ft hole swallowed an in-ground pool; 10 yards from a 2016 event.,OPERA_S1_DISP,OPERA_L2_RTC-S1_T106-225772-IW2_20241019T225951Z_20241020T043252Z_S1A_30_v1.0,OPERA_L2_RTC-S1_T106-225772-IW2_20241019T225951Z_20241020T043252Z_S1A_30_v1.0_VH.tif,2024-10-19 22:59:51+00:00,2024-10-19 22:59:54+00:00,https://datapool.asf.alaska.edu/RTC/OPERA-S1/OPERA_L2_RTC-S1_T106-225772-IW2_20241019T225951Z_20241020T043252Z_S1A_30_v1.0_VH.tif,https://datapool.asf.alaska.edu/BROWSE/OPERA-S1/OPERA_L2_RTC-S1_T106-225772-IW2_20241019T225951Z_20241020T043252Z_S1A_30_v1.0_BROWSE.png,104824,106,,ASCENDING,56178.0
2024-12-16,"Park Place, Schuylkill County",40.8354,-76.1558,Mine Subsidence,75x45 ft hole swallowed an in-ground pool; 10 yards from a 2016 event.,OPERA_S1_DISP,OPERA_L2_CSLC-S1_T106-225772-IW2_20241031T225950Z_20241102T182944Z_S1A_VV_v1.1,OPERA_L2_CSLC-S1_T106-225772-IW2_20241031T225950Z_20241102T182944Z_S1A_VV_v1.1.h5,2024-10-31 22:59:50+00:00,2024-10-31 22:59:54+00:00,https://datapool.asf.alaska.edu/CSLC/OPERA-S1/OPERA_L2_CSLC-S1_T106-225772-IW2_20241031T225950Z_20241102T182944Z_S1A_VV_v1.1.h5,https://datapool.asf.alaska.edu/BROWSE/OPERA-S1/OPERA_L2_CSLC-S1_T106-225772-IW2_20241031T225950Z_20241102T182944Z_S1A_VV_v1.1_BROWSE.png,271977296,106,,ASCENDING,56353.0
2024-12-16,"Park Place, Schuylkill County",40.8354,-76.1558,Mine Subsidence,75x45 ft hole swallowed an in-ground pool; 10 yards from a 2016 event.,OPERA_S1_DISP,OPERA_L2_RTC-S1_T106-225772-IW2_20241031T225950Z_20241102T063412Z_S1A_30_v1.0,OPERA_L2_RTC-S1_T106-225772-IW2_20241031T225950Z_20241102T063412Z_S1A_30_v1.0_VH.tif,2024-10-31 22:59:50+00:00,2024-10-31 22:59:54+00:00,https://datapool.asf.alaska.edu/RTC/OPERA-S1/OPERA_L2_RTC-S1_T106-225772-IW2_20241031T225950Z_20241102T063412Z_S1A_30_v1.0_VH.tif,https://datapool.asf.alaska.edu/BROWSE/OPERA-S1/OPERA_L2_RTC-S1_T106-225772-IW2_20241031T225950Z_20241102T063412Z_S1A_30_v1.0_BROWSE.png,110824,106,,ASCENDING,56353.0
2024-12-16,"Park Place, Schuylkill County",40.8354,-76.1558,Mine Subsidence,75x45 ft hole swallowed an in-ground pool; 10 yards from a 2016 event.,OPERA_S1_DISP,OPERA_L2_CSLC-S1_T106-225772-IW2_20241112T225950Z_20241115T173136Z_S1A_VV_v1.1,OPERA_L2_CSLC-S1_T106-225772-IW2_20241112T225950Z_20241115T173136Z_S1A_VV_v1.1.h5,2024-11-12 22:59:50+00:00,2024-11-12 22:59:53+00:00,https://datapool.asf.alaska.edu/CSLC/OPERA-S1/OPERA_L2_CSLC-S1_T106-225772-IW2_20241112T225950Z_20241115T173136Z_S1A_VV_v1.1.h5,https://datapool.asf.alaska.edu/BROWSE/OPERA-S1/OPERA_L2_CSLC-S1_T106-225772-IW2_20241112T225950Z_20241115T173136Z_S1A_VV_v1.1_BROWSE.png,272035761,106,,ASCENDING,56528.0
2024-12-16,"Park Place, Schuylkill County",40.8354,-76.1558,Mine Subsidence,75x45 ft hole swallowed an in-ground pool; 10 yards from a 2016 event.,OPERA_S1_DISP,OPERA_L2_RTC-S1_T106-225772-IW2_20241112T225950Z_20241115T044622Z_S1A_30_v1.0,OPERA_L2_RTC-S1_T106-225772-IW2_20241112T225950Z_20241115T044622Z_S1A_30_v1.0_VH.tif,2024-11-12 22:59:50+00:00,2024-11-12 22:59:53+00:00,https://datapool.asf.alaska.edu/RTC/OPERA-S1/OPERA_L2_RTC-S1_T106-225772-IW2_20241112T225950Z_20241115T044622Z_S1A_30_v1.0_VH.tif,https://datapool.asf.alaska.edu/BROWSE/OPERA-S1/OPERA_L2_RTC-S1_T106-225772-IW2_20241112T225950Z_20241115T044622Z_S1A_30_v1.0_BROWSE.png,110824,106,,ASCENDING,56528.0
2024-12-16,"Park Place, Schuylkill County",40.8354,-76.1558,Mine Subsidence,75x45 ft hole swallowed an in-ground pool; 10 yards from a 2016 event.,OPERA_S1_DISP,OPERA_L2_CSLC-S1_T106-225772-IW2_20241124T225949Z_20241125T173650Z_S1A_VV_v1.1,OPERA_L2_CSLC-S1_T106-225772-IW2_20241124T225949Z_20241125T173650Z_S1A_VV_v1.1.h5,2024-11-24 22:59:49+00:00,2024-11-24 22:59:52+00:00,https://datapool.asf.alaska.edu/CSLC/OPERA-S1/OPERA_L2_CSLC-S1_T106-225772-IW2_20241124T225949Z_20241125T173650Z_S1A_VV_v1.1.h5,https://datapool.asf.alaska.edu/BROWSE/OPERA-S1/OPERA_L2_CSLC-S1_T106-225772-IW2_20241124T225949Z_20241125T173650Z_S1A_VV_v1.1_BROWSE.png,271943112,106,,ASCENDING,56703.0
2024-12-16,"Park Place, Schuylkill County",40.8354,-76.1558,Mine Subsidence,75x45 ft hole swallowed an in-ground pool; 10 yards from a 2016 event.,OPERA_S1_DISP,OPERA_L2_RTC-S1_T106-225772-IW2_20241124T225949Z_20241125T044620Z_S1A_30_v1.0,OPERA_L2_RTC-S1_T106-225772-IW2_20241124T225949Z_20241125T044620Z_S1A_30_v1.0_VH.tif,2024-11-24 22:59:49+00:00,2024-11-24 22:59:52+00:00,https://datapool.asf.alaska.edu/RTC/OPERA-S1/OPERA_L2_RTC-S1_T106-225772-IW2_20241124T225949Z_20241125T044620Z_S1A_30_v1.0_VH.tif,https://datapool.asf.alaska.edu/BROWSE/OPERA-S1/OPERA_L2_RTC-S1_T106-225772-IW2_20241124T225949Z_20241125T044620Z_S1A_30_v1.0_BROWSE.png,110824,106,,ASCENDING,56703.0
2024-12-16,"Park Place, Schuylkill County",40.8354,-76.1558,Mine Subsidence,75x45 ft hole swallowed an in-ground pool; 10 yards from a 2016 event.,OPERA_S1_DISP,OPERA_L2_CSLC-S1_T106-225772-IW2_20241206T225948Z_20241207T212444Z_S1A_VV_v1.1,OPERA_L2_CSLC-S1_T106-225772-IW2_20241206T225948Z_20241207T212444Z_S1A_VV_v1.1.h5,2024-12-06 22:59:48+00:00,2024-12-06 22:59:51+00:00,https://datapool.asf.alaska.edu/CSLC/OPERA-S1/OPERA_L2_CSLC-S1_T106-225772-IW2_20241206T225948Z_20241207T212444Z_S1A_VV_v1.1.h5,https://datapool.asf.alaska.edu/BROWSE/OPERA-S1/OPERA_L2_CSLC-S1_T106-225772-IW2_20241206T225948Z_20241207T212444Z_S1A_VV_v1.1_BROWSE.png,271577058,106,,ASCENDING,56878.0
2024-12-16,"Park Place, Schuylkill County",40.8354,-76.1558,Mine Subsidence,75x45 ft hole swallowed an in-ground pool; 10 yards from a 2016 event.,OPERA_S1_DISP,OPERA_L2_RTC-S1_T106-225772-IW2_20241206T225948Z_20241207T084101Z_S1A_30_v1.0,OPERA_L2_RTC-S1_T106-225772-IW2_20241206T225948Z_20241207T084101Z_S1A_30_v1.0_VH.tif,2024-12-06 22:59:48+00:00,2024-12-06 22:59:51+00:00,https://datapool.asf.alaska.edu/RTC/OPERA-S1/OPERA_L2_RTC-S1_T106-225772-IW2_20241206T225948Z_20241207T084101Z_S1A_30_v1.0_VH.tif,https://datapool.asf.alaska.edu/BROWSE/OPERA-S1/OPERA_L2_RTC-S1_T106-225772-IW2_20241206T225948Z_20241207T084101Z_S1A_30_v1.0_BROWSE.png,110824,106,,ASCENDING,56878.0
2024-12-16,"Park Place, Schuylkill County",40.8354,-76.1558,Mine Subsidence,75x45 ft hole swallowed an in-ground pool; 10 yards from a 2016 event.,OPERA_S1_DISP,OPERA_L2_RTC-S1_T106-225772-IW2_20241218T225947Z_20241219T220207Z_S1A_30_v1.0,OPERA_L2_RTC-S1_T106-225772-IW2_20241218T225947Z_20241219T220207Z_S1A_30_v1.0.h5,2024-12-18 22:59:47+00:00,2024-12-18 22:59:50+00:00,https://datapool.asf.alaska.edu/RTC/OPERA-S1/OPERA_L2_RTC-S1_T106-225772-IW2_20241218T225947Z_20241219T220207Z_S1A_30_v1.0.h5,https://datapool.asf.alaska.edu/BROWSE/OPERA-S1/OPERA_L2_RTC-S1_T106-225772-IW2_20241218T225947Z_20241219T220207Z_S1A_30_v1.0_BROWSE.png,110824,106,,ASCENDING,57053.0
2024-12-16,"Park Place, Schuylkill County",40.8354,-76.1558,Mine Subsidence,75x45 ft hole swallowed an in-ground pool; 10 yards from a 2016 event.,OPERA_S1_DISP,OPERA_L2_CSLC-S1_T106-225772-IW2_20241218T225947Z_20241219T231401Z_S1A_VV_v1.1,OPERA_L2_CSLC-S1_T106-225772-IW2_20241218T225947Z_20241219T231401Z_S1A_VV_v1.1.h5,2024-12-18 22:59:47+00:00,2024-12-18 22:59:50+00:00,https://datapool.asf.alaska.edu/CSLC/OPERA-S1/OPERA_L2_CSLC-S1_T106-225772-IW2_20241218T225947Z_20241219T231401Z_S1A_VV_v1.1.h5,https://datapool.asf.alaska.edu/BROWSE/OPERA-S1/OPERA_L2_CSLC-S1_T106-225772-IW2_20241218T225947Z_20241219T231401Z_S1A_VV_v1.1_BROWSE.png,272070871,106,,ASCENDING,57053.0
2024-12-16,"Park Place, Schuylkill County",40.8354,-76.1558,Mine Subsidence,75x45 ft hole swallowed an in-ground pool; 10 yards from a 2016 event.,OPERA_S1_DISP,OPERA_L2_CSLC-S1_T106-225772-IW2_20241230T225946Z_20241231T190427Z_S1A_VV_v1.1,OPERA_L2_CSLC-S1_T106-225772-IW2_20241230T225946Z_20241231T190427Z_S1A_VV_v1.1.h5,2024-12-30 22:59:46+00:00,2024-12-30 22:59:49+00:00,https://datapool.asf.alaska.edu/CSLC/OPERA-S1/OPERA_L2_CSLC-S1_T106-225772-IW2_20241230T225946Z_20241231T190427Z_S1A_VV_v1.1.h5,https://datapool.asf.alaska.edu/BROWSE/OPERA-S1/OPERA_L2_CSLC-S1_T106-225772-IW2_20241230T225946Z_20241231T190427Z_S1A_VV_v1.1_BROWSE.png,272002381,106,,ASCENDING,57228.0
2024-12-16,"Park Place, Schuylkill County",40.8354,-76.1558,Mine Subsidence,75x45 ft hole swallowed an in-ground pool; 10 yards from a 2016 event.,OPERA_S1_DISP,OPERA_L2_RTC-S1_T106-225772-IW2_20241230T225946Z_20241231T060119Z_S1A_30_v1.0,OPERA_L2_RTC-S1_T106-225772-IW2_20241230T225946Z_20241231T060119Z_S1A_30_v1.0.h5,2024-12-30 22:59:46+00:00,2024-12-30 22:59:49+00:00,https://datapool.asf.alaska.edu/RTC/OPERA-S1/OPERA_L2_RTC-S1_T106-225772-IW2_20241230T225946Z_20241231T060119Z_S1A_30_v1.0.h5,https://datapool.asf.alaska.edu/BROWSE/OPERA-S1/OPERA_L2_RTC-S1_T106-225772-IW2_20241230T225946Z_20241231T060119Z_S1A_30_v1.0_BROWSE.png,110824,106,,ASCENDING,57228.0
2024-12-16,"Park Place, Schuylkill County",40.8354,-76.1558,Mine Subsidence,75x45 ft hole swallowed an in-ground pool; 10 yards from a 2016 event.,OPERA_S1_DISP,OPERA_L2_CSLC-S1_T106-225772-IW2_20250111T225945Z_20250114T011250Z_S1A_VV_v1.1,OPERA_L2_CSLC-S1_T106-225772-IW2_20250111T225945Z_20250114T011250Z_S1A_VV_v1.1.h5,2025-01-11 22:59:45+00:00,2025-01-11 22:59:48+00:00,https://datapool.asf.alaska.edu/CSLC/OPERA-S1/OPERA_L2_CSLC-S1_T106-225772-IW2_20250111T225945Z_20250114T011250Z_S1A_VV_v1.1.h5,https://datapool.asf.alaska.edu/BROWSE/OPERA-S1/OPERA_L2_CSLC-S1_T106-225772-IW2_20250111T225945Z_20250114T011250Z_S1A_VV_v1.1_BROWSE.png,271728957,106,,ASCENDING,57403.0
2024-12-16,"Park Place, Schuylkill County",40.8354,-76.1558,Mine Subsidence,75x45 ft hole swallowed an in-ground pool; 10 yards from a 2016 event.,OPERA_S1_DISP,OPERA_L2_RTC-S1_T106-225772-IW2_20250111T225945Z_20250112T040426Z_S1A_30_v1.0,OPERA_L2_RTC-S1_T106-225772-IW2_20250111T225945Z_20250112T040426Z_S1A_30_v1.0.h5,2025-01-11 22:59:45+00:00,2025-01-11 22:59:48+00:00,https://datapool.asf.alaska.edu/RTC/OPERA-S1/OPERA_L2_RTC-S1_T106-225772-IW2_20250111T225945Z_20250112T040426Z_S1A_30_v1.0.h5,https://datapool.asf.alaska.edu/BROWSE/OPERA-S1/OPERA_L2_RTC-S1_T106-225772-IW2_20250111T225945Z_20250112T040426Z_S1A_30_v1.0_BROWSE.png,110824,106,,ASCENDING,57403.0
2024-12-16,"Park Place, Schuylkill County",40.8354,-76.1558,Mine Subsidence,75x45 ft hole swallowed an in-ground pool; 10 yards from a 2016 event.,OPERA_S1_DISP,OPERA_L2_CSLC-S1_T011-022312-IW3_20250117T110627Z_20250118T070316Z_S1A_VV_v1.1,OPERA_L2_CSLC-S1_T011-022312-IW3_20250117T110627Z_20250118T070316Z_S1A_VV_v1.1.h5,2025-01-17 11:06:27+00:00,2025-01-17 11:06:30+00:00,https://datapool.asf.alaska.edu/CSLC/OPERA-S1/OPERA_L2_CSLC-S1_T011-022312-IW3_20250117T110627Z_20250118T070316Z_S1A_VV_v1.1.h5,https://datapool.asf.alaska.edu/BROWSE/OPERA-S1/OPERA_L2_CSLC-S1_T011-022312-IW3_20250117T110627Z_20250118T070316Z_S1A_VV_v1.1_BROWSE.png,240873213,11,,DESCENDING,57483.0
2024-12-16,"Park Place, Schuylkill County",40.8354,-76.1558,Mine Subsidence,75x45 ft hole swallowed an in-ground pool; 10 yards from a 2016 event.,OPERA_S1_DISP,OPERA_L2_RTC-S1_T011-022312-IW3_20250117T110627Z_20250117T135854Z_S1A_30_v1.0,OPERA_L2_RTC-S1_T011-022312-IW3_20250117T110627Z_20250117T135854Z_S1A_30_v1.0.h5,2025-01-17 11:06:27+00:00,2025-01-17 11:06:30+00:00,https://datapool.asf.alaska.edu/RTC/OPERA-S1/OPERA_L2_RTC-S1_T011-022312-IW3_20250117T110627Z_20250117T135854Z_S1A_30_v1.0.h5,https://datapool.asf.alaska.edu/BROWSE/OPERA-S1/OPERA_L2_RTC-S1_T011-022312-IW3_20250117T110627Z_20250117T135854Z_S1A_30_v1.0_BROWSE.png,102216,11,,DESCENDING,57483.0
2024-12-16,"Park Place, Schuylkill County",40.8354,-76.1558,Mine Subsidence,75x45 ft hole swallowed an in-ground pool; 10 yards from a 2016 event.,OPERA_S1_DISP,OPERA_L2_CSLC-S1_T106-225772-IW2_20250123T225944Z_20250124T200520Z_S1A_VV_v1.1,OPERA_L2_CSLC-S1_T106-225772-IW2_20250123T225944Z_20250124T200520Z_S1A_VV_v1.1.h5,2025-01-23 22:59:44+00:00,2025-01-23 22:59:47+00:00,https://datapool.asf.alaska.edu/CSLC/OPERA-S1/OPERA_L2_CSLC-S1_T106-225772-IW2_20250123T225944Z_20250124T200520Z_S1A_VV_v1.1.h5,https://datapool.asf.alaska.edu/BROWSE/OPERA-S1/OPERA_L2_CSLC-S1_T106-225772-IW2_20250123T225944Z_20250124T200520Z_S1A_VV_v1.1_BROWSE.png,271387731,106,,ASCENDING,57578.0
2024-12-16,"Park Place, Schuylkill County",40.8354,-76.1558,Mine Subsidence,75x45 ft hole swallowed an in-ground pool; 10 yards from a 2016 event.,OPERA_S1_DISP,OPERA_L2_RTC-S1_T106-225772-IW2_20250123T225944Z_20250124T051242Z_S1A_30_v1.0,OPERA_L2_RTC-S1_T106-225772-IW2_20250123T225944Z_20250124T051242Z_S1A_30_v1.0.h5,2025-01-23 22:59:44+00:00,2025-01-23 22:59:47+00:00,https://datapool.asf.alaska.edu/RTC/OPERA-S1/OPERA_L2_RTC-S1_T106-225772-IW2_20250123T225944Z_20250124T051242Z_S1A_30_v1.0.h5,https://datapool.asf.alaska.edu/BROWSE/OPERA-S1/OPERA_L2_RTC-S1_T106-225772-IW2_20250123T225944Z_20250124T051242Z_S1A_30_v1.0_BROWSE.png,104824,106,,ASCENDING,57578.0
2024-12-16,"Park Place, Schuylkill County",40.8354,-76.1558,Mine Subsidence,75x45 ft hole swallowed an in-ground pool; 10 yards from a 2016 event.,OPERA_S1_DISP,OPERA_L2_CSLC-S1_T011-022312-IW3_20250129T110627Z_20250130T070919Z_S1A_VV_v1.1,OPERA_L2_CSLC-S1_T011-022312-IW3_20250129T110627Z_20250130T070919Z_S1A_VV_v1.1.h5,2025-01-29 11:06:27+00:00,2025-01-29 11:06:30+00:00,https://datapool.asf.alaska.edu/CSLC/OPERA-S1/OPERA_L2_CSLC-S1_T011-022312-IW3_20250129T110627Z_20250130T070919Z_S1A_VV_v1.1.h5,https://datapool.asf.alaska.edu/BROWSE/OPERA-S1/OPERA_L2_CSLC-S1_T011-022312-IW3_20250129T110627Z_20250130T070919Z_S1A_VV_v1.1_BROWSE.png,241038967,11,,DESCENDING,57658.0
2024-12-16,"Park Place, Schuylkill County",40.8354,-76.1558,Mine Subsidence,75x45 ft hole swallowed an in-ground pool; 10 yards from a 2016 event.,OPERA_S1_DISP,OPERA_L2_RTC-S1_T011-022312-IW3_20250129T110627Z_20250129T151113Z_S1A_30_v1.0,OPERA_L2_RTC-S1_T011-022312-IW3_20250129T110627Z_20250129T151113Z_S1A_30_v1.0.h5,2025-01-29 11:06:27+00:00,2025-01-29 11:06:30+00:00,https://datapool.asf.alaska.edu/RTC/OPERA-S1/OPERA_L2_RTC-S1_T011-022312-IW3_20250129T110627Z_20250129T151113Z_S1A_30_v1.0.h5,https://datapool.asf.alaska.edu/BROWSE/OPERA-S1/OPERA_L2_RTC-S1_T011-022312-IW3_20250129T110627Z_20250129T151113Z_S1A_30_v1.0_BROWSE.png,108216,11,,DESCENDING,57658.0
2024-12-16,"Park Place, Schuylkill County",40.8354,-76.1558,Mine Subsidence,75x45 ft hole swallowed an in-ground pool; 10 yards from a 2016 event.,OPERA_S1_DISP,OPERA_L2_CSLC-S1_T106-225772-IW2_20250204T225944Z_20250205T172818Z_S1A_VV_v1.1,OPERA_L2_CSLC-S1_T106-225772-IW2_20250204T225944Z_20250205T172818Z_S1A_VV_v1.1.h5,2025-02-04 22:59:44+00:00,2025-02-04 22:59:47+00:00,https://datapool.asf.alaska.edu/CSLC/OPERA-S1/OPERA_L2_CSLC-S1_T106-225772-IW2_20250204T225944Z_20250205T172818Z_S1A_VV_v1.1.h5,https://datapool.asf.alaska.edu/BROWSE/OPERA-S1/OPERA_L2_CSLC-S1_T106-225772-IW2_20250204T225944Z_20250205T172818Z_S1A_VV_v1.1_BROWSE.png,271976347,106,,ASCENDING,57753.0
2024-12-16,"Park Place, Schuylkill County",40.8354,-76.1558,Mine Subsidence,75x45 ft hole swallowed an in-ground pool; 10 yards from a 2016 event.,OPERA_S1_DISP,OPERA_L2_RTC-S1_T106-225772-IW2_20250204T225944Z_20250205T034849Z_S1A_30_v1.0,OPERA_L2_RTC-S1_T106-225772-IW2_20250204T225944Z_20250205T034849Z_S1A_30_v1.0.h5,2025-02-04 22:59:44+00:00,2025-02-04 22:59:47+00:00,https://datapool.asf.alaska.edu/RTC/OPERA-S1/OPERA_L2_RTC-S1_T106-225772-IW2_20250204T225944Z_20250205T034849Z_S1A_30_v1.0.h5,https://datapool.asf.alaska.edu/BROWSE/OPERA-S1/OPERA_L2_RTC-S1_T106-225772-IW2_20250204T225944Z_20250205T034849Z_S1A_30_v1.0_BROWSE.png,110824,106,,ASCENDING,57753.0
2024-12-16,"Park Place, Schuylkill County",40.8354,-76.1558,Mine Subsidence,75x45 ft hole swallowed an in-ground pool; 10 yards from a 2016 event.,OPERA_S1_DISP,OPERA_L2_CSLC-S1_T011-022312-IW3_20250210T110626Z_20250211T070914Z_S1A_VV_v1.1,OPERA_L2_CSLC-S1_T011-022312-IW3_20250210T110626Z_20250211T070914Z_S1A_VV_v1.1.h5,2025-02-10 11:06:26+00:00,2025-02-10 11:06:29+00:00,https://datapool.asf.alaska.edu/CSLC/OPERA-S1/OPERA_L2_CSLC-S1_T011-022312-IW3_20250210T110626Z_20250211T070914Z_S1A_VV_v1.1.h5,https://datapool.asf.alaska.edu/BROWSE/OPERA-S1/OPERA_L2_CSLC-S1_T011-022312-IW3_20250210T110626Z_20250211T070914Z_S1A_VV_v1.1_BROWSE.png,240912443,11,,DESCENDING,57833.0
2024-12-16,"Park Place, Schuylkill County",40.8354,-76.1558,Mine Subsidence,75x45 ft hole swallowed an in-ground pool; 10 yards from a 2016 event.,OPERA_S1_DISP,OPERA_L2_RTC-S1_T011-022312-IW3_20250210T110626Z_20250210T135725Z_S1A_30_v1.0,OPERA_L2_RTC-S1_T011-022312-IW3_20250210T110626Z_20250210T135725Z_S1A_30_v1.0.h5,2025-02-10 11:06:26+00:00,2025-02-10 11:06:29+00:00,https://datapool.asf.alaska.edu/RTC/OPERA-S1/OPERA_L2_RTC-S1_T011-022312-IW3_20250210T110626Z_20250210T135725Z_S1A_30_v1.0.h5,https://datapool.asf.alaska.edu/BROWSE/OPERA-S1/OPERA_L2_RTC-S1_T011-022312-IW3_20250210T110626Z_20250210T135725Z_S1A_30_v1.0_BROWSE.png,108216,11,,DESCENDING,57833.0
2024-12-16,"Park Place, Schuylkill County",40.8354,-76.1558,Mine Subsidence,75x45 ft hole swallowed an in-ground pool; 10 yards from a 2016 event.,OPERA_S1_DISP,OPERA_L2_CSLC-S1_T106-225772-IW2_20250216T225943Z_20250220T122626Z_S1A_VV_v1.1,OPERA_L2_CSLC-S1_T106-225772-IW2_20250216T225943Z_20250220T122626Z_S1A_VV_v1.1.h5,2025-02-16 22:59:43+00:00,2025-02-16 22:59:46+00:00,https://datapool.asf.alaska.edu/CSLC/OPERA-S1/OPERA_L2_CSLC-S1_T106-225772-IW2_20250216T225943Z_20250220T122626Z_S1A_VV_v1.1.h5,https://datapool.asf.alaska.edu/BROWSE/OPERA-S1/OPERA_L2_CSLC-S1_T106-225772-IW2_20250216T225943Z_20250220T122626Z_S1A_VV_v1.1_BROWSE.png,272193145,106,,ASCENDING,57928.0
2024-12-16,"Park Place, Schuylkill County",40.8354,-76.1558,Mine Subsidence,75x45 ft hole swallowed an in-ground pool; 10 yards from a 2016 event.,OPERA_S1_DISP,OPERA_L2_RTC-S1_T106-225772-IW2_20250216T225943Z_20250220T010136Z_S1A_30_v1.0,OPERA_L2_RTC-S1_T106-225772-IW2_20250216T225943Z_20250220T010136Z_S1A_30_v1.0.h5,2025-02-16 22:59:43+00:00,2025-02-16 22:59:46+00:00,https://datapool.asf.alaska.edu/RTC/OPERA-S1/OPERA_L2_RTC-S1_T106-225772-IW2_20250216T225943Z_20250220T010136Z_S1A_30_v1.0.h5,https://datapool.asf.alaska.edu/BROWSE/OPERA-S1/OPERA_L2_RTC-S1_T106-225772-IW2_20250216T225943Z_20250220T010136Z_S1A_30_v1.0_BROWSE.png,110824,106,,ASCENDING,57928.0
2024-12-16,"Park Place, Schuylkill County",40.8354,-76.1558,Mine Subsidence,75x45 ft hole swallowed an in-ground pool; 10 yards from a 2016 event.,OPERA_S1_DISP,OPERA_L2_CSLC-S1_T011-022312-IW3_20250222T110626Z_20250225T234930Z_S1A_VV_v1.1,OPERA_L2_CSLC-S1_T011-022312-IW3_20250222T110626Z_20250225T234930Z_S1A_VV_v1.1.h5,2025-02-22 11:06:26+00:00,2025-02-22 11:06:29+00:00,https://datapool.asf.alaska.edu/CSLC/OPERA-S1/OPERA_L2_CSLC-S1_T011-022312-IW3_20250222T110626Z_20250225T234930Z_S1A_VV_v1.1.h5,https://datapool.asf.alaska.edu/BROWSE/OPERA-S1/OPERA_L2_CSLC-S1_T011-022312-IW3_20250222T110626Z_20250225T234930Z_S1A_VV_v1.1_BROWSE.png,240915062,11,,DESCENDING,58008.0
2024-12-16,"Park Place, Schuylkill County",40.8354,-76.1558,Mine Subsidence,75x45 ft hole swallowed an in-ground pool; 10 yards from a 2016 event.,OPERA_S1_DISP,OPERA_L2_RTC-S1_T011-022312-IW3_20250222T110626Z_20250225T172859Z_S1A_30_v1.0,OPERA_L2_RTC-S1_T011-022312-IW3_20250222T110626Z_20250225T172859Z_S1A_30_v1.0.h5,2025-02-22 11:06:26+00:00,2025-02-22 11:06:29+00:00,https://datapool.asf.alaska.edu/RTC/OPERA-S1/OPERA_L2_RTC-S1_T011-022312-IW3_20250222T110626Z_20250225T172859Z_S1A_30_v1.0.h5,https://datapool.asf.alaska.edu/BROWSE/OPERA-S1/OPERA_L2_RTC-S1_T011-022312-IW3_20250222T110626Z_20250225T172859Z_S1A_30_v1.0_BROWSE.png,102216,11,,DESCENDING,58008.0
2024-12-16,"Park Place, Schuylkill County",40.8354,-76.1558,Mine Subsidence,75x45 ft hole swallowed an in-ground pool; 10 yards from a 2016 event.,OPERA_S1_DISP,OPERA_L2_CSLC-S1_T106-225772-IW2_20250228T225943Z_20250301T201906Z_S1A_VV_v1.1,OPERA_L2_CSLC-S1_T106-225772-IW2_20250228T225943Z_20250301T201906Z_S1A_VV_v1.1.h5,2025-02-28 22:59:43+00:00,2025-02-28 22:59:46+00:00,https://datapool.asf.alaska.edu/CSLC/OPERA-S1/OPERA_L2_CSLC-S1_T106-225772-IW2_20250228T225943Z_20250301T201906Z_S1A_VV_v1.1.h5,https://datapool.asf.alaska.edu/BROWSE/OPERA-S1/OPERA_L2_CSLC-S1_T106-225772-IW2_20250228T225943Z_20250301T201906Z_S1A_VV_v1.1_BROWSE.png,271841039,106,,ASCENDING,58103.0
2024-12-16,"Park Place, Schuylkill County",40.8354,-76.1558,Mine Subsidence,75x45 ft hole swallowed an in-ground pool; 10 yards from a 2016 event.,OPERA_S1_DISP,OPERA_L2_RTC-S1_T106-225772-IW2_20250228T225943Z_20250301T191832Z_S1A_30_v1.0,OPERA_L2_RTC-S1_T106-225772-IW2_20250228T225943Z_20250301T191832Z_S1A_30_v1.0.h5,2025-02-28 22:59:43+00:00,2025-02-28 22:59:46+00:00,https://datapool.asf.alaska.edu/RTC/OPERA-S1/OPERA_L2_RTC-S1_T106-225772-IW2_20250228T225943Z_20250301T191832Z_S1A_30_v1.0.h5,https://datapool.asf.alaska.edu/BROWSE/OPERA-S1/OPERA_L2_RTC-S1_T106-225772-IW2_20250228T225943Z_20250301T191832Z_S1A_30_v1.0_BROWSE.png,104824,106,,ASCENDING,58103.0
2024-12-16,"Park Place, Schuylkill County",40.8354,-76.1558,Mine Subsidence,75x45 ft hole swallowed an in-ground pool; 10 yards from a 2016 event.,OPERA_S1_DISP,OPERA_L2_CSLC-S1_T011-022312-IW3_20250306T110626Z_20250307T073035Z_S1A_VV_v1.1,OPERA_L2_CSLC-S1_T011-022312-IW3_20250306T110626Z_20250307T073035Z_S1A_VV_v1.1.h5,2025-03-06 11:06:26+00:00,2025-03-06 11:06:29+00:00,https://datapool.asf.alaska.edu/CSLC/OPERA-S1/OPERA_L2_CSLC-S1_T011-022312-IW3_20250306T110626Z_20250307T073035Z_S1A_VV_v1.1.h5,https://datapool.asf.alaska.edu/BROWSE/OPERA-S1/OPERA_L2_CSLC-S1_T011-022312-IW3_20250306T110626Z_20250307T073035Z_S1A_VV_v1.1_BROWSE.png,241161407,11,,DESCENDING,58183.0
2024-12-16,"Park Place, Schuylkill County",40.8354,-76.1558,Mine Subsidence,75x45 ft hole swallowed an in-ground pool; 10 yards from a 2016 event.,OPERA_S1_DISP,OPERA_L2_RTC-S1_T011-022312-IW3_20250306T110626Z_20250306T141950Z_S1A_30_v1.0,OPERA_L2_RTC-S1_T011-022312-IW3_20250306T110626Z_20250306T141950Z_S1A_30_v1.0.h5,2025-03-06 11:06:26+00:00,2025-03-06 11:06:29+00:00,https://datapool.asf.alaska.edu/RTC/OPERA-S1/OPERA_L2_RTC-S1_T011-022312-IW3_20250306T110626Z_20250306T141950Z_S1A_30_v1.0.h5,https://datapool.asf.alaska.edu/BROWSE/OPERA-S1/OPERA_L2_RTC-S1_T011-022312-IW3_20250306T110626Z_20250306T141950Z_S1A_30_v1.0_BROWSE.png,108216,11,,DESCENDING,58183.0
2024-12-16,"Park Place, Schuylkill County",40.8354,-76.1558,Mine Subsidence,75x45 ft hole swallowed an in-ground pool; 10 yards from a 2016 event.,OPERA_S1_DISP,OPERA_L2_CSLC-S1_T106-225772-IW2_20250312T225943Z_20250314T002637Z_S1A_VV_v1.1,OPERA_L2_CSLC-S1_T106-225772-IW2_20250312T225943Z_20250314T002637Z_S1A_VV_v1.1.h5,2025-03-12 22:59:43+00:00,2025-03-12 22:59:46+00:00,https://datapool.asf.alaska.edu/CSLC/OPERA-S1/OPERA_L2_CSLC-S1_T106-225772-IW2_20250312T225943Z_20250314T002637Z_S1A_VV_v1.1.h5,https://datapool.asf.alaska.edu/BROWSE/OPERA-S1/OPERA_L2_CSLC-S1_T106-225772-IW2_20250312T225943Z_20250314T002637Z_S1A_VV_v1.1_BROWSE.png,271867549,106,,ASCENDING,58278.0
2024-12-16,"Park Place, Schuylkill County",40.8354,-76.1558,Mine Subsidence,75x45 ft hole swallowed an in-ground pool; 10 yards from a 2016 event.,OPERA_S1_DISP,OPERA_L2_RTC-S1_T106-225772-IW2_20250312T225943Z_20250313T120056Z_S1A_30_v1.0,OPERA_L2_RTC-S1_T106-225772-IW2_20250312T225943Z_20250313T120056Z_S1A_30_v1.0.h5,2025-03-12 22:59:43+00:00,2025-03-12 22:59:46+00:00,https://datapool.asf.alaska.edu/RTC/OPERA-S1/OPERA_L2_RTC-S1_T106-225772-IW2_20250312T225943Z_20250313T120056Z_S1A_30_v1.0.h5,https://datapool.asf.alaska.edu/BROWSE/OPERA-S1/OPERA_L2_RTC-S1_T106-225772-IW2_20250312T225943Z_20250313T120056Z_S1A_30_v1.0_BROWSE.png,110824,106,,ASCENDING,58278.0
